frame,player_id,x,y,pitch_x,pitch_y,role,team_id,confidence
0,-1,395.5,692.0,6287.0341796875,5802.23193359375,goalkeeper,0,0.9471062421798706
0,-1,325.5,700.0,6094.8623046875,5802.97998046875,goalkeeper,0,0.9403811693191528
0,-1,955.0,662.0,7916.30224609375,6078.1962890625,goalkeeper,0,0.9279366731643677
0,-1,282.0,502.0,6000.2197265625,3595.053955078125,goalkeeper,0,0.927622377872467
0,-1,1007.0,602.0,8290.5400390625,5609.58349609375,goalkeeper,0,0.9245984554290771
0,-1,927.5,547.0,8255.2314453125,4941.27587890625,goalkeeper,0,0.9185142517089844
0,-1,1025.0,535.0,8666.4990234375,4908.45068359375,goalkeeper,0,0.9163258671760559
0,-1,477.0,591.0,6611.86767578125,4953.12890625,goalkeeper,0,0.9162934422492981
0,-1,1244.5,528.0,9526.1708984375,5079.177734375,goalkeeper,0,0.9131852984428406
0,-1,653.0,487.0,7458.2666015625,3805.112060546875,goalkeeper,0,0.9131594896316528
0,-1,584.5,395.0,7494.9033203125,1918.0164794921875,goalkeeper,0,0.911794900894165
0,-1,810.0,576.0,7737.85693359375,5139.482421875,goalkeeper,0,0.9106365442276001
0,-1,1443.0,464.0,10919.3857421875,4458.86376953125,goalkeeper,0,0.9059954285621643
0,-1,1094.5,701.0,8186.09375,6493.609375,goalkeeper,0,0.9042394161224365
0,-1,372.5,584.0,6281.42431640625,4769.30029296875,goalkeeper,0,0.9032849669456482
0,-1,639.0,529.0,7281.14794921875,4391.072265625,goalkeeper,0,0.9029843211174011
0,-1,472.0,403.0,6922.02734375,1949.532470703125,goalkeeper,0,0.8955826163291931
0,-1,1120.5,433.0,9791.3251953125,3492.76611328125,goalkeeper,0,0.8952367901802063
0,-1,1469.5,610.0,9749.0947265625,6162.21630859375,goalkeeper,0,0.8853239417076111
0,-1,1442.0,612.0,9646.69140625,6150.65234375,goalkeeper,0,0.8597120642662048
0,-1,1554.5,443.0,11690.4296875,4276.64501953125,goalkeeper,0,0.8986456990242004
0,-1,1735.0,707.0,9943.5302734375,7115.24072265625,goalkeeper,-1,0.9125868678092957
0,-1,845.0,472.0,8300.8994140625,3805.51171875,goalkeeper,-1,0.8999137282371521
0,-1,228.0,343.0,5736.3369140625,-119.38951873779297,goalkeeper,-1,0.8918672204017639
1,-1,930.5,543.0,8283.359375,4894.75439453125,ball,-1,0.5288423299789429
1,0,392.0,692.0,6276.32080078125,5798.853515625,player,0,0.934626579284668
1,1,325.5,699.0,6093.6123046875,5795.0869140625,player,1,0.9406612515449524
1,2,949.0,662.0,7900.00146484375,6071.091796875,player,1,0.9158607125282288
1,3,283.5,502.0,6000.0126953125,3593.935546875,player,1,0.9273563623428345
1,4,1007.5,603.0,8288.75,5617.60693359375,player,0,0.9179924130439758
1,5,929.5,547.0,8261.8671875,4941.12841796875,player,0,0.9225108623504639
1,6,1024.0,536.0,8657.1748046875,4916.7900390625,player,1,0.9226479530334473
1,7,483.5,590.0,6631.7490234375,4947.6337890625,player,0,0.9295751452445984
1,8,1244.0,528.0,9524.4462890625,5075.4921875,player,0,0.9131613373756409
1,9,652.5,487.0,7453.06201171875,3801.489501953125,player,0,0.9100205898284912
1,11,583.5,396.0,7479.3369140625,1935.5931396484375,player,0,0.9099133610725403
1,12,810.0,576.0,7737.29150390625,5137.55712890625,player,1,0.9069360494613647
1,13,1441.5,464.0,10911.5732421875,4452.87060546875,player,1,0.905534029006958
1,14,1090.0,701.0,8175.76513671875,6488.06298828125,player,0,0.897493302822113
1,15,381.5,583.0,6308.14306640625,4765.97021484375,player,1,0.8873679041862488
1,16,640.0,530.0,7279.7705078125,4403.037109375,player,1,0.9029783010482788
1,19,471.5,403.0,6912.31787109375,1943.447265625,player,1,0.8996356129646301
1,20,1120.5,433.0,9788.96875,3488.880126953125,player,0,0.9071636199951172
1,22,1467.5,610.0,9744.4345703125,6157.07958984375,player,1,0.8592211604118347
1,23,1440.5,612.0,9643.6845703125,6146.13427734375,player,0,0.8752633333206177
1,18,1555.0,443.0,11690.6298828125,4273.013671875,goalkeeper,0,0.8992956280708313
1,10,1734.5,708.0,9939.4794921875,7117.4423828125,referee,-1,0.9201149344444275
1,17,845.5,472.0,8300.56640625,3802.87646484375,referee,-1,0.8946650624275208
1,21,230.0,342.0,5733.29345703125,-160.1591033935547,referee,-1,0.8823906183242798
2,-1,929.5,543.5,8267.98828125,4898.779296875,ball,-1,0.6228052973747253
2,0,389.0,692.0,6258.98388671875,5793.34130859375,player,0,0.9303452968597412
2,1,325.0,697.0,6083.6611328125,5776.02001953125,player,1,0.9391035437583923
2,2,942.5,662.0,7871.73779296875,6063.67578125,player,1,0.9237489104270935
2,3,284.5,502.0,5994.51708984375,3593.453125,player,1,0.9258704781532288
2,4,1008.0,602.0,8285.1474609375,5607.7373046875,player,0,0.9162293076515198
2,5,931.0,547.0,8257.70703125,4941.9697265625,player,0,0.9223343729972839
2,6,1022.5,536.0,8642.3046875,4914.54052734375,player,1,0.9172321557998657
2,7,490.0,589.0,6644.521484375,4941.39013671875,player,0,0.9262036681175232
2,8,1244.0,528.0,9515.7080078125,5075.677734375,player,0,0.9159145951271057
2,9,651.0,486.0,7440.4423828125,3782.979248046875,player,0,0.9020283818244934
2,11,581.5,397.0,7455.09912109375,1957.1849365234375,player,0,0.8897775411605835
2,12,809.0,574.0,7730.87646484375,5113.5478515625,player,1,0.8983480334281921
2,13,1441.0,464.0,10901.8779296875,4453.29541015625,player,1,0.8999934792518616
2,14,1084.5,702.0,8148.1953125,6488.99560546875,player,0,0.9139072895050049
2,15,387.5,584.0,6317.6201171875,4781.01708984375,player,1,0.9100401401519775
2,16,640.5,530.0,7271.85888671875,4402.19189453125,player,1,0.9109865427017212
2,19,470.5,402.0,6899.93408203125,1918.4293212890625,player,1,0.9059905409812927
2,20,1119.5,433.0,9775.111328125,3487.793212890625,player,0,0.9136518836021423
2,22,1465.5,611.0,9723.3017578125,6164.21533203125,player,1,0.8752437829971313
2,23,1437.0,611.0,9630.5146484375,6134.50732421875,player,0,0.9097474813461304
2,18,1550.0,444.0,11647.0234375,4284.1220703125,goalkeeper,0,0.8680176138877869
2,10,1734.0,708.0,9930.6748046875,7118.3681640625,referee,-1,0.9402586817741394
2,17,844.5,472.0,8286.546875,3801.0634765625,referee,-1,0.9006534814834595
2,21,231.5,342.0,5732.29443359375,-154.8651885986328,referee,-1,0.8946239352226257
3,0,383.5,691.0,6242.7587890625,5787.3251953125,player,0,0.9301945567131042
3,1,319.5,696.0,6067.37939453125,5770.525390625,player,1,0.9296793937683105
3,2,939.0,662.0,7858.71923828125,6062.8779296875,player,1,0.9288346171379089
3,3,285.5,503.0,5993.0263671875,3617.638427734375,player,1,0.9216432571411133
3,4,1008.5,602.0,8282.974609375,5610.31982421875,player,0,0.9143490195274353
3,5,932.5,548.0,8254.255859375,4958.17529296875,player,0,0.9208889603614807
3,6,1020.0,536.0,8628.302734375,4913.64111328125,player,1,0.9209702014923096
3,7,494.0,590.0,6653.04296875,4962.6005859375,player,0,0.9218164682388306
3,8,1244.5,528.0,9511.57421875,5076.10791015625,player,0,0.9171352982521057
3,9,650.0,486.0,7431.49169921875,3786.6376953125,player,0,0.9010372161865234
3,11,578.5,397.0,7433.2626953125,1956.49853515625,player,0,0.8835052251815796
3,12,808.0,572.0,7730.35791015625,5094.52490234375,player,1,0.8986010551452637
3,13,1438.0,464.0,10879.90625,4446.79541015625,player,1,0.8798256516456604
3,14,1081.0,702.0,8135.7685546875,6487.01025390625,player,0,0.9096972942352295
3,15,392.5,584.0,6330.572265625,4793.27783203125,player,1,0.9143004417419434
3,16,641.0,530.0,7269.52685546875,4407.94091796875,player,1,0.9136713147163391
3,19,468.5,403.0,6880.54296875,1943.8798828125,player,1,0.9090988636016846
3,20,1118.0,432.0,9770.3837890625,3467.290771484375,player,0,0.9072936773300171
3,22,1462.5,611.0,9707.6904296875,6158.8720703125,player,1,0.9052088260650635
3,23,1434.0,611.0,9615.0927734375,6129.451171875,player,0,0.9163143038749695
3,18,1547.5,443.0,11638.806640625,4260.130859375,goalkeeper,0,0.8913158774375916
3,10,1732.0,710.0,9907.361328125,7123.5732421875,referee,-1,0.9340013265609741
3,17,843.5,471.0,8282.171875,3786.7197265625,referee,-1,0.8683586120605469
3,21,232.5,342.0,5726.291015625,-151.66604614257812,referee,-1,0.8963437676429749
4,0,379.5,691.0,6228.71435546875,5782.6806640625,player,0,0.9355340003967285
4,1,318.5,695.0,6061.9619140625,5760.7431640625,player,1,0.9305363297462463
4,2,936.0,661.0,7847.6611328125,6050.31787109375,player,1,0.9338353276252747
4,3,286.0,503.0,5992.37939453125,3617.461669921875,player,1,0.9208952784538269
4,4,1008.5,602.0,8277.1552734375,5608.3935546875,player,0,0.9135891795158386
4,5,934.5,549.0,8251.2626953125,4970.28857421875,player,0,0.9144123792648315
4,6,1017.5,536.0,8612.9912109375,4908.83935546875,player,1,0.9198655486106873
4,7,499.0,590.0,6665.5849609375,4966.51806640625,player,0,0.8968973159790039
4,8,1245.0,528.0,9506.0673828125,5074.35693359375,player,0,0.9147347807884216
4,9,650.0,485.0,7430.30078125,3769.56640625,player,0,0.9003358483314514
4,11,576.5,397.0,7419.3251953125,1952.4759521484375,player,0,0.8818144202232361
4,12,806.0,573.0,7715.35400390625,5101.69482421875,player,1,0.9144488573074341
4,13,1435.5,464.0,10859.818359375,4440.69873046875,player,1,0.8739305138587952
4,14,1078.5,701.0,8126.3681640625,6475.91650390625,player,0,0.9153484106063843
4,15,398.0,582.0,6346.74658203125,4775.56396484375,player,1,0.9344227313995361
4,16,640.5,531.0,7260.81103515625,4419.1376953125,player,1,0.9131509065628052
4,19,466.5,404.0,6865.1162109375,1963.8212890625,player,1,0.905728280544281
4,20,1117.5,433.0,9751.1982421875,3483.171630859375,player,0,0.9062016606330872
4,22,1460.5,611.0,9693.3564453125,6154.20703125,player,1,0.9045479893684387
4,23,1431.0,609.0,9610.3291015625,6106.5751953125,player,0,0.9144706726074219
4,18,1546.5,443.0,11624.013671875,4255.68994140625,goalkeeper,0,0.9042198657989502
4,10,1730.0,713.0,9875.9755859375,7136.5302734375,referee,-1,0.937487781047821
4,17,842.5,471.0,8272.4873046875,3783.791259765625,referee,-1,0.7423011660575867
4,21,233.0,342.0,5727.4013671875,-151.304443359375,referee,-1,0.9038668274879456
5,0,379.5,691.0,6224.052734375,5781.0439453125,player,0,0.9320899248123169
5,1,318.5,696.0,6057.73828125,5767.04052734375,player,1,0.9241923093795776
5,2,935.0,659.0,7841.75732421875,6031.2646484375,player,1,0.9340991377830505
5,3,288.0,504.0,5997.6396484375,3638.0654296875,player,1,0.9169992208480835
5,4,1009.5,602.0,8270.62109375,5606.99755859375,player,0,0.9148879051208496
5,5,937.0,551.0,8241.3662109375,4994.05322265625,player,0,0.9132693409919739
5,6,1016.5,536.0,8598.8232421875,4905.1640625,player,1,0.8995463848114014
5,7,505.5,590.0,6680.68212890625,4972.18115234375,player,0,0.9039682149887085
5,8,1246.5,528.0,9500.6337890625,5072.8173828125,player,0,0.9144903421401978
5,9,650.0,486.0,7419.02978515625,3785.649169921875,player,0,0.8991525769233704
5,11,574.0,397.0,7399.24267578125,1955.0286865234375,player,0,0.8680651783943176
5,12,806.0,573.0,7706.50537109375,5099.77783203125,player,1,0.898979902267456
5,13,1435.0,464.0,10846.2919921875,4435.2216796875,player,1,0.8783804774284363
5,14,1078.0,702.0,8112.44775390625,6480.3720703125,player,0,0.9380191564559937
5,15,404.5,581.0,6364.1181640625,4770.68408203125,player,1,0.9218191504478455
5,16,640.5,531.0,7253.21826171875,4418.47412109375,player,1,0.907967209815979
5,19,465.0,404.0,6852.5947265625,1969.213623046875,player,1,0.8879170417785645
5,20,1117.5,433.0,9738.3720703125,3480.28662109375,player,0,0.8947553634643555
5,22,1459.0,610.0,9685.017578125,6141.66650390625,player,1,0.9063442945480347
5,23,1426.0,608.0,9590.349609375,6090.248046875,player,0,0.9245834350585938
5,18,1546.5,442.0,11627.3076171875,4233.12548828125,goalkeeper,0,0.9041535258293152
5,10,1729.5,713.0,9865.8935546875,7135.6669921875,referee,-1,0.9394161701202393
5,17,842.5,471.0,8262.095703125,3782.85302734375,referee,-1,0.6196755766868591
5,21,234.0,343.0,5736.263671875,-92.59740447998047,referee,-1,0.9018240571022034
6,0,377.5,691.0,6219.85595703125,5778.84765625,player,0,0.9223784804344177
6,1,316.0,696.0,6052.24267578125,5764.61083984375,player,1,0.9119633436203003
6,2,931.5,659.0,7832.67724609375,6025.73193359375,player,1,0.932127833366394
6,3,288.5,505.0,5999.45654296875,3653.492919921875,player,1,0.9137356877326965
6,4,1010.0,602.0,8272.974609375,5604.77197265625,player,0,0.9116533994674683
6,5,938.0,553.0,8236.517578125,5015.58544921875,player,0,0.9084229469299316
6,6,1011.5,536.0,8580.7236328125,4896.49365234375,player,1,0.8568404912948608
6,7,512.5,590.0,6703.9287109375,4978.24560546875,player,0,0.8983940482139587
6,8,1247.0,528.0,9502.2841796875,5069.40234375,player,0,0.9143694043159485
6,9,650.0,487.0,7415.765625,3799.606689453125,player,0,0.888308048248291
6,11,571.5,397.0,7385.8984375,1950.25537109375,player,0,0.8945069909095764
6,12,804.0,577.0,7687.64013671875,5138.857421875,player,1,0.9040956497192383
6,13,1434.0,464.0,10840.1953125,4428.716796875,player,1,0.8965954780578613
6,14,1073.5,703.0,8098.2041015625,6480.66162109375,player,0,0.9335643649101257
6,15,414.0,580.0,6396.47900390625,4768.4638671875,player,1,0.923831582069397
6,16,639.5,530.0,7252.537109375,4402.67578125,player,1,0.9052982926368713
6,19,462.5,404.0,6839.767578125,1964.937744140625,player,1,0.8904690146446228
6,20,1114.0,432.0,9730.005859375,3452.960205078125,player,0,0.8300601840019226
6,22,1458.0,610.0,9682.1611328125,6136.25537109375,player,1,0.9271542429924011
6,23,1422.0,607.0,9584.0537109375,6073.13525390625,player,0,0.9300206899642944
6,18,1546.0,443.0,11608.5166015625,4243.29443359375,goalkeeper,0,0.9065737724304199
6,10,1728.0,713.0,9862.705078125,7129.6279296875,referee,-1,0.9239371418952942
6,17,843.0,471.0,8263.763671875,3781.000732421875,referee,-1,0.6747840046882629
6,21,235.0,343.0,5739.9970703125,-90.48321533203125,referee,-1,0.9088829755783081
7,0,373.0,691.0,6208.21044921875,5774.10546875,player,0,0.9327840209007263
7,1,313.0,694.0,6044.56689453125,5745.83154296875,player,1,0.9220031499862671
7,2,928.0,657.0,7833.3134765625,6001.669921875,player,1,0.9272861480712891
7,3,289.0,506.0,5999.30615234375,3665.504638671875,player,1,0.9097066521644592
7,4,1010.5,602.0,8279.4033203125,5598.54052734375,player,0,0.9035993814468384
7,5,939.5,556.0,8232.400390625,5044.13916015625,player,0,0.9046826362609863
7,6,1009.0,536.0,8575.1953125,4885.30419921875,player,1,0.8598117232322693
7,7,518.0,590.0,6722.65771484375,4979.9794921875,player,0,0.9054974317550659
7,8,1246.5,528.0,9504.775390625,5058.345703125,player,0,0.9117006659507751
7,9,650.5,486.0,7421.43017578125,3778.197265625,player,0,0.8912391662597656
7,11,570.0,396.0,7379.94482421875,1919.331298828125,player,0,0.9046610593795776
7,12,802.5,577.0,7685.720703125,5131.34326171875,player,1,0.9227752089500427
7,13,1432.5,464.0,10835.1591796875,4413.18408203125,player,1,0.9012185335159302
7,14,1070.0,705.0,8088.5146484375,6486.9306640625,player,0,0.9224745631217957
7,15,421.5,581.0,6420.1484375,4783.90234375,player,1,0.9149881601333618
7,16,637.5,531.0,7243.978515625,4407.8115234375,player,1,0.9099650382995605
7,19,462.0,404.0,6834.8173828125,1960.2081298828125,player,1,0.9003187417984009
7,20,1110.0,432.0,9711.263671875,3437.033447265625,player,0,0.8313452005386353
7,22,1455.0,611.0,9673.3203125,6132.060546875,player,1,0.9221104979515076
7,23,1417.5,607.0,9576.478515625,6058.95654296875,player,0,0.911083996295929
7,18,1546.0,441.0,11635.60546875,4194.66455078125,goalkeeper,0,0.9167504906654358
7,10,1725.5,713.0,9866.0478515625,7119.24755859375,referee,-1,0.9235339164733887
7,17,843.0,470.0,8270.0078125,3756.662353515625,referee,-1,0.8876295685768127
7,21,235.0,343.0,5734.9306640625,-88.51436614990234,referee,-1,0.9079487919807434
8,-1,949.0,555.0,8261.16796875,5040.21240234375,ball,-1,0.6303418874740601
8,0,370.0,693.0,6192.396484375,5785.3984375,player,0,0.9209014177322388
8,1,309.5,692.0,6028.61181640625,5725.14306640625,player,1,0.9243136048316956
8,2,922.0,655.0,7813.67822265625,5976.8779296875,player,1,0.9245083928108215
8,3,289.5,505.0,5992.88330078125,3649.156494140625,player,1,0.9087286591529846
8,4,1010.5,602.0,8270.79296875,5595.48828125,player,0,0.9023730754852295
8,5,940.5,559.0,8214.2412109375,5076.400390625,player,0,0.8940224051475525
8,6,1007.0,535.0,8563.76171875,4867.95654296875,player,1,0.8783931732177734
8,7,523.0,589.0,6732.42529296875,4972.27099609375,player,0,0.888635516166687
8,8,1245.5,527.0,9497.8896484375,5041.6142578125,player,0,0.9088541269302368
8,9,651.0,486.0,7414.4765625,3776.52880859375,player,0,0.8956109285354614
8,11,568.5,395.0,7366.32861328125,1890.1025390625,player,0,0.8968220353126526
8,12,801.5,577.0,7674.060546875,5127.765625,player,1,0.9185059070587158
8,13,1430.5,465.0,10803.0673828125,4422.171875,player,1,0.9094877243041992
8,14,1065.5,708.0,8058.853515625,6499.9306640625,player,0,0.9150359034538269
8,15,428.0,583.0,6431.81884765625,4810.9580078125,player,1,0.9321298003196716
8,16,637.0,531.0,7233.73486328125,4405.06591796875,player,1,0.9127856492996216
8,19,461.0,404.0,6820.185546875,1956.1153564453125,player,1,0.9122209548950195
8,20,1108.5,432.0,9693.3154296875,3431.931396484375,player,0,0.8359806537628174
8,22,1451.5,613.0,9639.15234375,6141.3984375,player,1,0.9141089916229248
8,23,1412.5,608.0,9543.9541015625,6058.486328125,player,0,0.897038996219635
8,18,1544.0,440.0,11626.662109375,4170.98193359375,goalkeeper,0,0.9066082835197449
8,10,1720.0,713.0,9840.685546875,7109.0595703125,referee,-1,0.9066591262817383
8,17,842.5,470.0,8258.3974609375,3753.460693359375,referee,-1,0.8977872729301453
8,21,235.0,343.0,5723.46484375,-93.0790023803711,referee,-1,0.9020963311195374
9,-1,953.0,559.0,8249.8642578125,5086.23779296875,ball,-1,0.7514637112617493
9,0,363.0,693.0,6166.05615234375,5777.322265625,player,0,0.9116863012313843
9,1,306.5,692.0,6013.13818359375,5720.59521484375,player,1,0.9074738025665283
9,2,919.0,654.0,7800.7041015625,5963.3134765625,player,1,0.9219624400138855
9,3,290.5,505.0,5986.01220703125,3647.58154296875,player,1,0.9096313714981079
9,4,1011.5,602.0,8266.7880859375,5593.384765625,player,0,0.9071973562240601
9,5,941.0,552.0,8238.107421875,4993.36669921875,player,0,0.900305986404419
9,6,1004.0,535.0,8544.9501953125,4860.50830078125,player,1,0.8969215750694275
9,7,528.5,589.0,6741.42333984375,4975.17529296875,player,0,0.9002892374992371
9,8,1244.5,528.0,9480.8818359375,5048.07080078125,player,0,0.9080604314804077
9,9,651.0,485.0,7407.3349609375,3756.51904296875,player,0,0.8875153660774231
9,11,567.0,395.0,7346.01904296875,1881.173583984375,player,0,0.8939271569252014
9,12,802.5,578.0,7665.98681640625,5136.38916015625,player,1,0.9098168015480042
9,13,1429.5,465.0,10795.076171875,4414.11962890625,player,1,0.8984507322311401
9,14,1060.0,708.0,8037.5703125,6492.77685546875,player,0,0.8930249214172363
9,15,434.5,584.0,6443.06982421875,4826.12744140625,player,1,0.9243679642677307
9,16,636.5,530.0,7224.94384765625,4387.94140625,player,1,0.9137017726898193
9,19,460.5,403.0,6806.87646484375,1926.0731201171875,player,1,0.9035091400146484
9,20,1106.0,431.0,9683.439453125,3401.9931640625,player,0,0.8588640689849854
9,22,1448.5,614.0,9618.416015625,6143.822265625,player,1,0.8825240135192871
9,23,1409.5,609.0,9523.00390625,6061.02783203125,player,0,0.8812590837478638
9,18,1542.5,439.0,11632.376953125,4143.71630859375,goalkeeper,0,0.9259646534919739
9,10,1717.0,713.0,9829.015625,7104.40185546875,referee,-1,0.9064397811889648
9,17,841.5,471.0,8239.5205078125,3763.3134765625,referee,-1,0.8811380863189697
9,21,236.0,342.0,5711.81591796875,-131.97300720214844,referee,-1,0.9002836346626282
10,-1,957.0,560.5,8254.85546875,5106.44873046875,ball,-1,0.7372471690177917
10,0,355.0,692.0,6141.419921875,5761.2041015625,player,0,0.9233127236366272
10,1,302.5,690.0,5999.11376953125,5699.884765625,player,1,0.9235987663269043
10,2,915.0,654.0,7786.81005859375,5958.103515625,player,1,0.9185800552368164
10,3,291.0,505.0,5983.1669921875,3648.0908203125,player,1,0.9112277030944824
10,4,1012.0,602.0,8266.2939453125,5592.63427734375,player,0,0.9120835065841675
10,5,941.5,550.0,8246.0615234375,4969.853515625,player,0,0.9116736054420471
10,6,1001.5,539.0,8513.1171875,4905.54052734375,player,1,0.8929276466369629
10,7,536.0,588.0,6763.765625,4971.109375,player,0,0.9074751734733582
10,8,1244.0,528.0,9476.931640625,5046.64306640625,player,0,0.8912756443023682
10,9,651.5,484.0,7408.70068359375,3741.342529296875,player,0,0.8900593519210815
10,11,564.5,395.0,7328.65673828125,1879.182861328125,player,0,0.8963556289672852
10,12,805.5,578.0,7673.2939453125,5138.55029296875,player,1,0.9214142560958862
10,13,1426.0,465.0,10777.4345703125,4409.3125,player,1,0.8673025369644165
10,14,1055.5,708.0,8023.673828125,6487.02685546875,player,0,0.8919615149497986
10,15,441.0,584.0,6460.5146484375,4831.90087890625,player,1,0.8904954791069031
10,16,636.5,531.0,7218.9658203125,4400.6103515625,player,1,0.9133837819099426
10,19,459.0,402.0,6796.6357421875,1901.6361083984375,player,1,0.9044522047042847
10,20,1105.0,432.0,9666.369140625,3420.131591796875,player,0,0.8668237328529358
10,22,1443.5,614.0,9601.0166015625,6137.064453125,player,1,0.8757230639457703
10,23,1405.5,609.0,9508.6630859375,6055.32568359375,player,0,0.8981737494468689
10,18,1542.0,439.0,11627.505859375,4143.08544921875,goalkeeper,0,0.918594241142273
10,10,1714.5,713.0,9821.611328125,7099.77392578125,referee,-1,0.9103302955627441
10,17,841.5,471.0,8236.111328125,3763.411865234375,referee,-1,0.8769238591194153
10,21,236.5,343.0,5708.00048828125,-94.52552795410156,referee,-1,0.8964431285858154
11,-1,961.5,564.0,8249.3564453125,5152.5341796875,ball,-1,0.7890815138816833
11,0,352.0,692.0,6129.630859375,5765.1865234375,player,0,0.9249128699302673
11,1,299.0,692.0,5985.63427734375,5719.92529296875,player,1,0.9287849068641663
11,2,910.0,654.0,7768.02392578125,5954.984375,player,1,0.9065983891487122
11,3,292.0,505.0,5976.51904296875,3658.64794921875,player,1,0.9038370251655579
11,4,1012.5,603.0,8258.6533203125,5603.9189453125,player,0,0.9143401384353638
11,5,941.5,549.0,8244.052734375,4961.01611328125,player,0,0.9189376831054688
11,6,1000.5,542.0,8487.9814453125,4942.62646484375,player,1,0.9046822190284729
11,7,541.5,588.0,6775.66259765625,4983.1435546875,player,0,0.907962441444397
11,8,1243.5,528.0,9467.5517578125,5045.619140625,player,0,0.8936231136322021
11,9,652.0,484.0,7401.822265625,3748.2255859375,player,0,0.8935258984565735
11,11,562.5,395.0,7305.42626953125,1881.414306640625,player,0,0.882548451423645
11,12,807.5,579.0,7671.16943359375,5155.2197265625,player,1,0.9309485554695129
11,13,1421.5,466.0,10736.8984375,4416.66015625,player,1,0.8751475811004639
11,14,1053.0,707.0,8016.63623046875,6477.07666015625,player,0,0.9025275111198425
11,15,448.0,583.0,6477.82568359375,4835.365234375,player,1,0.9038740992546082
11,16,636.5,532.0,7209.13525390625,4419.9072265625,player,1,0.9122601747512817
11,19,457.0,403.0,6770.615234375,1928.69140625,player,1,0.9061937928199768
11,20,1104.0,432.0,9652.357421875,3420.32958984375,player,0,0.8883134126663208
11,22,1442.0,614.0,9589.6220703125,6131.37646484375,player,1,0.8910384774208069
11,23,1401.5,609.0,9489.1982421875,6047.68017578125,player,0,0.906151533126831
11,18,1540.0,439.0,11606.74609375,4136.66552734375,goalkeeper,0,0.9032019972801208
11,10,1713.5,713.0,9812.67578125,7089.83251953125,referee,-1,0.9277341365814209
11,17,842.5,472.0,8226.5888671875,3785.3798828125,referee,-1,0.9146475791931152
11,21,236.5,343.0,5684.578125,-93.59613800048828,referee,-1,0.8840211033821106
12,-1,964.5,566.5,8242.1181640625,5183.1630859375,ball,-1,0.7574266195297241
12,0,349.5,697.0,6119.43408203125,5800.4169921875,player,0,0.9285237193107605
12,1,295.5,692.0,5974.69677734375,5715.154296875,player,1,0.9220097661018372
12,2,905.0,655.0,7744.265625,5957.98046875,player,1,0.9241771101951599
12,3,292.5,504.0,5978.087890625,3648.285400390625,player,1,0.8990486860275269
12,4,1013.5,604.0,8251.18359375,5614.31787109375,player,0,0.9192067384719849
12,5,941.5,548.0,8241.35546875,4949.5380859375,player,0,0.9249426126480103
12,6,999.0,543.0,8470.453125,4953.11376953125,player,1,0.9132888913154602
12,7,546.5,589.0,6786.2041015625,4998.8076171875,player,0,0.9117304682731628
12,8,1243.5,528.0,9460.83984375,5046.00732421875,player,0,0.8937742114067078
12,9,651.5,483.0,7396.9365234375,3734.448486328125,player,0,0.8934863209724426
12,11,560.0,395.0,7287.19091796875,1887.4752197265625,player,0,0.8850754499435425
12,12,809.5,579.0,7671.546875,5157.1884765625,player,1,0.9305680990219116
12,13,1419.5,465.0,10734.234375,4398.69287109375,player,1,0.881836473941803
12,14,1049.0,710.0,7990.54150390625,6493.70947265625,player,0,0.9096695780754089
12,15,452.0,583.0,6487.7333984375,4839.6513671875,player,1,0.9140649437904358
12,16,636.5,533.0,7201.26806640625,4434.01611328125,player,1,0.9086148738861084
12,19,454.0,403.0,6752.625,1935.210693359375,player,1,0.9125710129737854
12,20,1104.0,432.0,9643.865234375,3421.30810546875,player,0,0.8842442631721497
12,22,1437.5,614.0,9569.8369140625,6128.26708984375,player,1,0.8963227868080139
12,23,1399.5,609.0,9477.17578125,6046.85009765625,player,0,0.9226481318473816
12,18,1537.5,439.0,11592.716796875,4132.5830078125,goalkeeper,0,0.9063134789466858
12,10,1712.5,715.0,9795.0771484375,7104.412109375,referee,-1,0.9366998672485352
12,17,843.5,472.0,8223.0107421875,3788.4384765625,referee,-1,0.9070322513580322
12,21,236.0,343.0,5685.4609375,-67.52668762207031,referee,-1,0.8715777397155762
13,-1,969.5,569.0,8241.529296875,5214.41552734375,ball,-1,0.8389378786087036
13,0,348.0,702.0,6108.2705078125,5838.15283203125,player,0,0.9333243370056152
13,1,294.0,694.0,5964.79248046875,5730.1181640625,player,1,0.9160493016242981
13,2,903.0,657.0,7725.98486328125,5972.1630859375,player,1,0.9298318028450012
13,3,293.0,504.0,5974.41796875,3647.677490234375,player,1,0.8991972804069519
13,4,1014.0,604.0,8245.6845703125,5614.03271484375,player,0,0.9226142168045044
13,5,941.5,548.0,8234.1533203125,4948.23291015625,player,0,0.9265113472938538
13,6,997.0,544.0,8451.025390625,4961.36279296875,player,1,0.9174616932868958
13,7,553.5,588.0,6804.1396484375,4994.4462890625,player,0,0.9127984642982483
13,8,1244.0,528.0,9454.5498046875,5044.7939453125,player,0,0.9055917859077454
13,9,650.0,485.0,7378.0869140625,3762.599853515625,player,0,0.8931838870048523
13,11,557.5,395.0,7268.3134765625,1881.900634765625,player,0,0.8809425234794617
13,12,811.0,581.0,7663.5869140625,5179.07958984375,player,1,0.9291220307350159
13,13,1418.5,466.0,10709.279296875,4410.087890625,player,1,0.887962818145752
13,14,1046.5,713.0,7968.01708984375,6511.8974609375,player,0,0.9077118039131165
13,15,458.5,581.0,6504.86279296875,4823.3642578125,player,1,0.903657853603363
13,16,637.0,534.0,7194.15380859375,4446.29150390625,player,1,0.9120557308197021
13,19,452.0,404.0,6734.9521484375,1954.136474609375,player,1,0.9167890548706055
13,20,1103.0,432.0,9630.388671875,3417.30224609375,player,0,0.8833025097846985
13,22,1435.5,613.0,9561.6318359375,6116.74267578125,player,1,0.9118970036506653
13,23,1397.0,608.0,9467.2265625,6034.57421875,player,0,0.9202338457107544
13,18,1535.0,438.0,11584.1064453125,4108.810546875,goalkeeper,0,0.891371488571167
13,10,1711.5,717.0,9773.224609375,7115.228515625,referee,-1,0.9382646083831787
13,17,844.0,471.0,8222.794921875,3770.79931640625,referee,-1,0.9235392808914185
13,21,235.5,343.0,5677.89111328125,-69.71932983398438,referee,-1,0.8580359220504761
14,-1,974.0,571.5,8247.447265625,5241.08251953125,ball,-1,0.8210703134536743
14,0,346.0,702.0,6102.98291015625,5836.45654296875,player,0,0.9384881854057312
14,1,293.5,695.0,5963.09619140625,5737.74853515625,player,1,0.908953845500946
14,2,899.0,657.0,7716.32568359375,5965.130859375,player,1,0.9329858422279358
14,3,295.0,504.0,5979.09521484375,3648.314208984375,player,1,0.905197262763977
14,4,1015.0,604.0,8250.6357421875,5610.28173828125,player,0,0.9193174242973328
14,5,943.0,549.0,8235.724609375,4956.57861328125,player,0,0.9292698502540588
14,6,997.5,544.0,8453.451171875,4956.5185546875,player,1,0.9095409512519836
14,7,560.0,588.0,6825.04248046875,4998.61181640625,player,0,0.9197232127189636
14,8,1244.5,528.0,9456.919921875,5038.07763671875,player,0,0.9104998111724854
14,9,648.5,485.0,7370.59375,3757.174560546875,player,0,0.89178866147995
14,11,554.0,396.0,7243.36328125,1898.6375732421875,player,0,0.8788310885429382
14,12,813.0,583.0,7664.87060546875,5198.42333984375,player,1,0.9326205253601074
14,13,1418.0,466.0,10704.943359375,4400.15771484375,player,1,0.9027882218360901
14,14,1042.0,714.0,7956.001953125,6511.3291015625,player,0,0.9146484732627869
14,15,464.5,582.0,6522.70556640625,4838.599609375,player,1,0.9113994240760803
14,16,637.5,535.0,7192.9208984375,4456.46923828125,player,1,0.9149613380432129
14,19,449.0,403.0,6718.341796875,1924.259765625,player,1,0.9148775935173035
14,20,1101.5,432.0,9620.5361328125,3408.48388671875,player,0,0.8671225905418396
14,22,1434.5,614.0,9554.7607421875,6116.9794921875,player,1,0.9195582866668701
14,23,1393.5,607.0,9464.3076171875,6015.078125,player,0,0.9225391745567322
14,18,1533.5,438.0,11572.6181640625,4096.30712890625,goalkeeper,0,0.8999113440513611
14,10,1710.5,718.0,9769.345703125,7112.93408203125,referee,-1,0.9428085684776306
14,17,844.5,471.0,8223.462890625,3766.4501953125,referee,-1,0.9281516075134277
14,21,237.0,343.0,5678.7666015625,-67.28128814697266,referee,-1,0.8599563837051392
15,-1,978.0,573.5,8244.8955078125,5265.46728515625,ball,-1,0.767163872718811
15,0,344.0,691.0,6096.57275390625,5747.6171875,player,0,0.9040307402610779
15,1,295.5,701.0,5964.8212890625,5785.02978515625,player,1,0.919916570186615
15,2,895.0,658.0,7695.5908203125,5968.48681640625,player,1,0.9360055327415466
15,3,296.5,504.0,5979.1416015625,3649.0947265625,player,1,0.9015769362449646
15,4,1016.0,604.0,8246.4423828125,5610.2119140625,player,0,0.9197793006896973
15,5,944.5,549.0,8232.9677734375,4957.068359375,player,0,0.9311798214912415
15,6,996.5,544.0,8441.474609375,4954.322265625,player,1,0.904559314250946
15,7,564.5,589.0,6832.25390625,5012.5859375,player,0,0.9164013862609863
15,8,1244.5,528.0,9447.3681640625,5037.01171875,player,0,0.9148018956184387
15,9,647.0,486.0,7353.62890625,3770.053955078125,player,0,0.8992072343826294
15,11,551.5,395.0,7224.85400390625,1870.1209716796875,player,0,0.8797379732131958
15,12,816.0,583.0,7667.8173828125,5200.322265625,player,1,0.933594286441803
15,13,1417.5,466.0,10691.2919921875,4398.2685546875,player,1,0.9030044674873352
15,14,1038.5,716.0,7934.7236328125,6520.66845703125,player,0,0.9291019439697266
15,15,472.0,581.0,6542.76025390625,4833.81494140625,player,1,0.9129678606987
15,16,638.0,536.0,7185.33642578125,4468.73681640625,player,1,0.9207425117492676
15,19,446.5,403.0,6697.74755859375,1920.28759765625,player,1,0.9045034050941467
15,20,1097.5,432.0,9590.509765625,3401.767333984375,player,0,0.8328152894973755
15,22,1433.5,616.0,9530.767578125,6132.2783203125,player,1,0.9339199066162109
15,23,1389.5,606.0,9448.7880859375,6001.37548828125,player,0,0.9377024173736572
15,18,1534.5,438.0,11564.8896484375,4096.2373046875,goalkeeper,0,0.9076509475708008
15,10,1709.5,719.0,9753.3662109375,7117.50146484375,referee,-1,0.9424930214881897
15,17,845.5,470.0,8223.3564453125,3750.14453125,referee,-1,0.9292071461677551
15,21,238.0,341.0,5674.0458984375,-132.94464111328125,referee,-1,0.840781569480896
16,-1,981.5,576.5,8243.8544921875,5294.15380859375,ball,-1,0.8300405144691467
16,0,337.0,695.0,6075.236328125,5769.876953125,player,0,0.9053170680999756
16,1,295.0,700.0,5961.78369140625,5773.705078125,player,1,0.9100004434585571
16,2,888.5,659.0,7674.0751953125,5964.22216796875,player,1,0.929558277130127
16,3,297.0,504.0,5976.81396484375,3646.5615234375,player,1,0.901411235332489
16,4,1017.0,604.0,8249.537109375,5604.1728515625,player,0,0.9168283343315125
16,5,945.5,549.0,8235.818359375,4951.9326171875,player,0,0.9274753928184509
16,6,995.0,545.0,8430.5712890625,4958.01220703125,player,1,0.9118253588676453
16,7,568.0,589.0,6842.2568359375,5011.78515625,player,0,0.9219207763671875
16,8,1244.5,528.0,9445.8515625,5028.95166015625,player,0,0.9171525239944458
16,9,646.5,486.0,7349.556640625,3765.2109375,player,0,0.9018474221229553
16,11,550.5,394.0,7219.19677734375,1840.4296875,player,0,0.8889387249946594
16,12,820.5,583.0,7682.18896484375,5199.22119140625,player,1,0.9132521152496338
16,13,1416.0,467.0,10669.7919921875,4403.2353515625,player,1,0.9186401963233948
16,14,1035.0,717.0,7923.18359375,6516.7041015625,player,0,0.9157482981681824
16,15,478.5,582.0,6561.015625,4847.5634765625,player,1,0.9144497513771057
16,16,638.0,536.0,7183.80859375,4464.31201171875,player,1,0.9272281527519226
16,19,444.5,404.0,6681.5341796875,1937.32421875,player,1,0.9032236933708191
16,22,1430.5,617.0,9514.203125,6127.5625,player,1,0.9341061115264893
16,23,1386.5,603.0,9456.3642578125,5961.79248046875,player,0,0.9344873428344727
16,18,1534.0,437.0,11569.5517578125,4069.5947265625,goalkeeper,0,0.916344404220581
16,20,1095.5,432.0,9578.380859375,3393.43115234375,goalkeeper,0,0.8791710734367371
16,10,1707.0,720.0,9740.423828125,7108.27294921875,referee,-1,0.9333439469337463
16,17,844.0,470.0,8215.3564453125,3743.323486328125,referee,-1,0.9166945815086365
16,21,236.5,341.0,5656.2578125,-141.2245330810547,referee,-1,0.8532190918922424
17,-1,986.0,578.5,8244.3330078125,5315.7255859375,ball,-1,0.8420780301094055
17,0,332.0,704.0,6051.17236328125,5832.19775390625,player,0,0.8530591130256653
17,1,297.5,703.0,5959.1259765625,5795.841796875,player,1,0.9164047837257385
17,2,883.0,660.0,7649.1923828125,5963.67138671875,player,1,0.920763373374939
17,3,299.0,504.0,5971.45654296875,3645.38671875,player,1,0.9004547595977783
17,4,1018.0,604.0,8246.884765625,5601.2490234375,player,0,0.9218488335609436
17,5,946.5,548.0,8236.595703125,4937.322265625,player,0,0.9250637888908386
17,6,994.0,544.0,8424.8955078125,4941.11083984375,player,1,0.9094312787055969
17,7,571.5,590.0,6842.8857421875,5022.2861328125,player,0,0.9228777289390564
17,8,1246.0,529.0,9439.32421875,5038.4189453125,player,0,0.916222095489502
17,9,646.5,486.0,7338.97021484375,3761.49951171875,player,0,0.9000588655471802
17,11,549.5,394.0,7200.068359375,1835.85302734375,player,0,0.8915776610374451
17,12,825.0,583.0,7689.6201171875,5199.94775390625,player,1,0.9308727383613586
17,13,1414.5,467.0,10658.3857421875,4396.74072265625,player,1,0.9116045832633972
17,14,1033.5,718.0,7911.6044921875,6518.4775390625,player,0,0.9127542972564697
17,15,484.5,584.0,6568.53173828125,4871.9951171875,player,1,0.9195738434791565
17,16,640.0,537.0,7179.02197265625,4475.53955078125,player,1,0.939806342124939
17,19,444.5,404.0,6666.7744140625,1934.164794921875,player,1,0.9093790650367737
17,22,1428.0,619.0,9491.14453125,6137.80419921875,player,1,0.915554940700531
17,23,1383.5,604.0,9437.0361328125,5963.5166015625,player,0,0.9181341528892517
17,18,1533.5,436.0,11576.484375,4046.813232421875,goalkeeper,0,0.919405996799469
17,20,1094.0,428.0,9598.8505859375,3310.9814453125,goalkeeper,0,0.839265763759613
17,10,1703.5,720.0,9730.0546875,7101.212890625,referee,-1,0.9344860911369324
17,17,842.5,469.0,8204.7216796875,3721.185302734375,referee,-1,0.8953736424446106
17,21,236.0,342.0,5634.74951171875,-109.9981918334961,referee,-1,0.812126100063324
18,-1,990.5,580.5,8240.3056640625,5345.07568359375,ball,-1,0.7885475158691406
18,0,326.0,705.0,6028.88330078125,5841.05322265625,player,0,0.8987892866134644
18,1,297.0,695.0,5951.9091796875,5739.5517578125,player,1,0.8968508839607239
18,2,880.0,661.0,7628.1171875,5972.74072265625,player,1,0.914280354976654
18,3,299.0,505.0,5963.5673828125,3668.3173828125,player,1,0.9021974802017212
18,4,1019.5,604.0,8240.705078125,5606.30859375,player,0,0.9138672947883606
18,5,947.0,548.0,8227.626953125,4942.3935546875,player,0,0.9226001501083374
18,6,995.0,544.0,8417.375,4946.470703125,player,1,0.907234251499176
18,7,575.0,590.0,6846.02001953125,5031.98681640625,player,0,0.9193205833435059
18,8,1247.5,529.0,9431.6865234375,5042.9296875,player,0,0.91791832447052
18,9,646.5,485.0,7332.72900390625,3751.93310546875,player,0,0.8969152569770813
18,11,548.0,394.0,7183.27587890625,1837.626220703125,player,0,0.8965051770210266
18,12,828.5,586.0,7682.1943359375,5239.68896484375,player,1,0.9283781051635742
18,13,1411.5,468.0,10619.7607421875,4410.11279296875,player,1,0.9038105010986328
18,14,1027.0,718.0,7883.724609375,6515.0712890625,player,0,0.9146291613578796
18,15,488.0,585.0,6571.03125,4893.1513671875,player,1,0.91945880651474
18,16,642.0,536.0,7179.67138671875,4471.14892578125,player,1,0.9387366771697998
18,19,444.5,404.0,6657.45166015625,1938.79443359375,player,1,0.9165403246879578
18,22,1425.0,619.0,9467.0498046875,6135.646484375,player,1,0.9036933779716492
18,23,1378.5,603.0,9412.5009765625,5950.83837890625,player,0,0.8896126747131348
18,18,1533.5,435.0,11574.2744140625,4030.265625,goalkeeper,0,0.9228003025054932
18,20,1094.0,429.0,9578.109375,3333.439453125,goalkeeper,0,0.6142891645431519
18,10,1700.0,720.0,9704.1611328125,7095.8173828125,referee,-1,0.9186061024665833
18,17,842.0,469.0,8192.369140625,3725.65478515625,referee,-1,0.8865200281143188
18,21,235.0,343.0,5618.78076171875,-78.79701232910156,referee,-1,0.8537677526473999
19,-1,994.0,582.5,8236.693359375,5368.15869140625,ball,-1,0.8565441370010376
19,0,322.5,704.0,6014.93310546875,5828.91015625,player,0,0.9060023427009583
19,1,293.0,692.0,5936.28564453125,5710.9130859375,player,1,0.8990478515625
19,2,878.5,660.0,7620.4150390625,5961.94921875,player,1,0.9162001013755798
19,3,301.5,504.0,5965.291015625,3655.18798828125,player,1,0.8991504311561584
19,4,1021.5,604.0,8240.3203125,5607.134765625,player,0,0.906642496585846
19,5,948.0,547.0,8227.953125,4930.83447265625,player,0,0.9156539440155029
19,6,995.5,544.0,8411.494140625,4946.14501953125,player,1,0.9024155139923096
19,7,579.0,590.0,6852.4091796875,5034.8095703125,player,0,0.9041837453842163
19,8,1249.0,528.0,9436.193359375,5031.7568359375,player,0,0.9156384468078613
19,9,647.0,485.0,7326.2451171875,3751.81591796875,player,0,0.9004631042480469
19,11,545.5,395.0,7156.99267578125,1857.8992919921875,player,0,0.8890169262886047
19,12,832.0,590.0,7674.59130859375,5283.2802734375,player,1,0.9168978929519653
19,13,1409.5,468.0,10602.048828125,4407.05322265625,player,1,0.878262460231781
19,14,1023.0,718.0,7867.478515625,6510.0478515625,player,0,0.917836606502533
19,15,492.5,588.0,6575.8056640625,4929.044921875,player,1,0.901308000087738
19,16,643.0,536.0,7175.7705078125,4471.36181640625,player,1,0.9388025403022766
19,19,444.5,404.0,6647.0380859375,1938.0487060546875,player,1,0.918363630771637
19,22,1423.5,620.0,9449.345703125,6141.44970703125,player,1,0.89021235704422
19,23,1378.0,603.0,9403.73046875,5949.2705078125,player,0,0.8995327353477478
19,18,1532.5,436.0,11546.2060546875,4045.853271484375,goalkeeper,0,0.9199221134185791
19,20,1094.0,430.0,9559.3193359375,3351.945556640625,goalkeeper,0,0.8875515460968018
19,10,1698.0,721.0,9687.0810546875,7098.3173828125,referee,-1,0.924851655960083
19,17,842.0,470.0,8178.431640625,3741.41357421875,referee,-1,0.7629793286323547
19,21,236.5,343.0,5614.4228515625,-77.9017333984375,referee,-1,0.8578677177429199
20,-1,998.5,584.5,8237.6748046875,5389.7685546875,ball,-1,0.8248247504234314
20,0,321.0,702.0,6003.20947265625,5813.47802734375,player,0,0.9088256359100342
20,1,293.0,692.0,5928.25439453125,5712.1025390625,player,1,0.8917835354804993
20,2,879.0,661.0,7613.484375,5968.94970703125,player,1,0.9209510684013367
20,3,303.0,504.0,5961.61572265625,3659.70849609375,player,1,0.9030957221984863
20,4,1023.5,603.0,8245.38671875,5596.49169921875,player,0,0.8956467509269714
20,5,948.5,546.0,8227.171875,4916.0009765625,player,0,0.9126573801040649
20,6,995.0,545.0,8398.392578125,4953.478515625,player,1,0.9117370247840881
20,7,582.5,590.0,6855.583984375,5037.4462890625,player,0,0.9084380865097046
20,8,1250.0,528.0,9435.587890625,5026.88623046875,player,0,0.9107638597488403
20,9,647.0,485.0,7316.40087890625,3751.17236328125,player,0,0.9132958650588989
20,11,545.5,395.0,7144.345703125,1863.72705078125,player,0,0.891951322555542
20,12,835.0,592.0,7671.4072265625,5304.29296875,player,1,0.8882026076316833
20,13,1408.0,468.0,10591.7724609375,4396.41162109375,player,1,0.8692061901092529
20,14,1021.0,717.0,7860.64453125,6500.9345703125,player,0,0.910374641418457
20,15,497.5,589.0,6582.4365234375,4944.47412109375,player,1,0.9248994588851929
20,16,643.0,537.0,7164.65966796875,4482.92626953125,player,1,0.9266025424003601
20,19,443.5,404.0,6630.58349609375,1943.74462890625,player,1,0.9158009886741638
20,22,1422.0,620.0,9443.7109375,6135.76318359375,player,1,0.8828209638595581
20,23,1374.5,603.0,9390.6318359375,5941.2109375,player,0,0.8942403793334961
20,18,1533.0,436.0,11545.8671875,4035.537109375,goalkeeper,0,0.9155927896499634
20,20,1094.0,431.0,9540.9404296875,3365.446044921875,goalkeeper,0,0.7987217307090759
20,10,1698.5,721.0,9691.59765625,7097.1650390625,referee,-1,0.9307642579078674
20,17,842.5,470.0,8170.87451171875,3739.307861328125,referee,-1,0.8552281856536865
20,21,236.5,342.0,5603.14990234375,-88.51457214355469,referee,-1,0.8586097955703735
21,-1,1002.5,586.0,8243.17578125,5404.009765625,ball,-1,0.7905285954475403
21,0,319.5,703.0,6001.08837890625,5815.607421875,player,0,0.9121074080467224
21,1,292.5,692.0,5929.07958984375,5707.4033203125,player,1,0.8890531659126282
21,2,878.5,665.0,7600.81591796875,5995.630859375,player,1,0.919750452041626
21,3,304.5,504.0,5970.833984375,3657.9638671875,player,1,0.9065979719161987
21,4,1025.0,603.0,8248.451171875,5592.93798828125,player,0,0.878951907157898
21,5,949.5,546.0,8229.2353515625,4912.2158203125,player,0,0.907748281955719
21,6,994.0,546.0,8388.30078125,4959.26806640625,player,1,0.9174639582633972
21,7,586.5,590.0,6869.4560546875,5036.8828125,player,0,0.9075469374656677
21,8,1251.0,528.0,9435.6142578125,5022.72216796875,player,0,0.9086229801177979
21,9,647.0,485.0,7317.1640625,3747.275634765625,player,0,0.9030154347419739
21,11,544.5,396.0,7138.4306640625,1884.80419921875,player,0,0.8681970834732056
21,12,843.0,592.0,7696.82763671875,5307.34619140625,player,1,0.9155185222625732
21,13,1405.5,468.0,10575.0859375,4387.9208984375,player,1,0.8714671730995178
21,14,1021.0,717.0,7859.15966796875,6496.0634765625,player,0,0.9212116003036499
21,15,502.0,591.0,6596.15576171875,4965.900390625,player,1,0.9247536659240723
21,16,643.5,536.0,7169.4931640625,4466.37939453125,player,1,0.9185926914215088
21,19,441.5,404.0,6624.40380859375,1939.37744140625,player,1,0.9015063643455505
21,20,1093.0,431.0,9532.591796875,3359.816650390625,player,0,0.6165632605552673
21,22,1420.5,621.0,9429.109375,6137.31201171875,player,1,0.8888468742370605
21,23,1372.0,604.0,9372.658203125,5942.32373046875,player,0,0.9076624512672424
21,18,1532.5,437.0,11522.0732421875,4046.753173828125,goalkeeper,0,0.9075660705566406
21,10,1698.0,723.0,9674.9619140625,7103.1259765625,referee,-1,0.9329179525375366
21,17,842.5,471.0,8164.96630859375,3751.461181640625,referee,-1,0.8272764682769775
21,21,236.0,343.0,5608.69189453125,-53.59468078613281,referee,-1,0.9046212434768677
22,-1,1006.0,588.0,8245.9150390625,5426.99658203125,ball,-1,0.8076741099357605
22,0,311.0,704.0,5974.404296875,5822.935546875,player,0,0.8393155336380005
22,1,291.0,692.0,5920.5107421875,5712.99951171875,player,1,0.8757789134979248
22,2,876.5,665.0,7595.140625,5994.62939453125,player,1,0.9139202237129211
22,3,305.5,504.0,5963.81103515625,3664.31103515625,player,1,0.9101381897926331
22,4,1026.0,602.0,8255.2958984375,5583.46533203125,player,0,0.8741666674613953
22,5,949.5,545.0,8231.685546875,4900.38623046875,player,0,0.9080411195755005
22,6,993.0,546.0,8383.0224609375,4957.71533203125,player,1,0.9197418689727783
22,7,590.5,590.0,6878.701171875,5044.62939453125,player,0,0.8953576683998108
22,8,1250.5,527.0,9438.8232421875,5006.361328125,player,0,0.9021658897399902
22,9,646.5,486.0,7306.1689453125,3764.95263671875,player,0,0.897240400314331
22,11,540.5,396.0,7107.32177734375,1879.8594970703125,player,0,0.8598185181617737
22,12,848.5,593.0,7710.25,5324.015625,player,1,0.9195178747177124
22,13,1404.0,469.0,10553.5205078125,4395.794921875,player,1,0.895530104637146
22,14,1017.0,717.0,7849.94140625,6491.7099609375,player,0,0.9268893599510193
22,15,505.0,590.0,6602.31298828125,4962.80224609375,player,1,0.903683066368103
22,16,643.0,536.0,7163.14404296875,4468.96728515625,player,1,0.8951446413993835
22,19,440.0,404.0,6603.99462890625,1938.3880615234375,player,1,0.9091923832893372
22,20,1092.0,431.0,9523.1103515625,3356.72119140625,player,0,0.6442016959190369
22,22,1419.0,620.0,9430.3408203125,6121.2548828125,player,1,0.9037696123123169
22,23,1370.0,603.0,9371.9052734375,5925.888671875,player,0,0.9263153672218323
22,18,1531.0,436.0,11520.94921875,4020.403564453125,goalkeeper,0,0.8998128771781921
22,10,1697.5,721.0,9685.7890625,7080.76123046875,referee,-1,0.9315986633300781
22,17,841.0,471.0,8154.15283203125,3750.45654296875,referee,-1,0.826435923576355
22,21,236.0,343.0,5584.119140625,-59.378536224365234,referee,-1,0.9087458252906799
23,-1,1009.5,590.0,8242.6533203125,5447.19677734375,ball,-1,0.8046221733093262
23,1,289.0,694.0,5910.55078125,5723.5068359375,player,1,0.877453088760376
23,2,873.0,666.0,7576.80712890625,5995.90673828125,player,1,0.9164655208587646
23,3,307.0,504.0,5962.134765625,3663.134521484375,player,1,0.9141827821731567
23,4,1026.0,601.0,8252.650390625,5570.61474609375,player,0,0.8769279718399048
23,5,949.5,544.0,8228.6669921875,4885.47509765625,player,0,0.9070242047309875
23,6,992.5,547.0,8369.240234375,4965.865234375,player,1,0.9201195240020752
23,7,595.0,589.0,6888.62939453125,5035.12646484375,player,0,0.889204740524292
23,8,1250.5,526.0,9437.8603515625,4991.22998046875,player,0,0.8959978818893433
23,9,647.0,486.0,7300.052734375,3762.750244140625,player,0,0.8949587941169739
23,11,538.5,395.0,7090.296875,1850.3316650390625,player,0,0.8572782278060913
23,12,854.0,592.0,7724.7333984375,5315.9677734375,player,1,0.9203667044639587
23,13,1402.5,469.0,10538.0771484375,4391.25341796875,player,1,0.9083389043807983
23,14,1014.0,719.0,7831.16455078125,6498.69189453125,player,0,0.9350521564483643
23,15,508.0,591.0,6604.689453125,4973.111328125,player,1,0.9169615507125854
23,16,642.5,536.0,7154.17919921875,4465.4619140625,player,1,0.8963396549224854
23,19,438.5,404.0,6586.97119140625,1933.9073486328125,player,1,0.8826915621757507
23,20,1091.0,431.0,9508.8232421875,3352.793212890625,player,0,0.8807871341705322
23,22,1417.5,620.0,9418.8115234375,6116.46240234375,player,1,0.9166828393936157
23,23,1367.5,602.0,9362.7021484375,5911.1435546875,player,0,0.9236138463020325
23,18,1529.5,436.0,11504.2978515625,4015.828125,goalkeeper,0,0.8960214853286743
23,10,1696.0,722.0,9670.3798828125,7081.5419921875,referee,-1,0.9306618571281433
23,17,842.0,471.0,8149.6982421875,3748.905029296875,referee,-1,0.8960383534431458
23,21,237.0,343.0,5577.80322265625,-60.52075958251953,referee,-1,0.9034715890884399
24,-1,1013.5,591.5,8231.169921875,5470.15087890625,ball,-1,0.7370990514755249
24,1,288.5,697.0,5897.66015625,5746.2890625,player,1,0.8728052377700806
24,2,869.5,666.0,7549.140625,5995.47607421875,player,1,0.9143834710121155
24,3,306.5,505.0,5949.228515625,3678.631591796875,player,1,0.9095192551612854
24,4,1027.5,599.0,8246.7333984375,5557.02294921875,player,0,0.8911629915237427
24,5,951.0,544.0,8216.1064453125,4891.12060546875,player,0,0.909986138343811
24,6,993.0,547.0,8352.744140625,4970.697265625,player,1,0.9200467467308044
24,7,599.0,589.0,6886.77685546875,5040.9091796875,player,0,0.9092445373535156
24,8,1250.0,525.0,9423.2138671875,4984.47216796875,player,0,0.8949132561683655
24,9,647.5,485.0,7290.0439453125,3750.01708984375,player,0,0.8993106484413147
24,11,537.0,395.0,7070.09521484375,1848.4815673828125,player,0,0.8807318210601807
24,12,859.0,592.0,7723.71826171875,5324.072265625,player,1,0.9207530617713928
24,13,1401.5,469.0,10514.6689453125,4397.01708984375,player,1,0.9182726740837097
24,14,1012.0,721.0,7801.6943359375,6512.994140625,player,0,0.9283925890922546
24,15,510.5,590.0,6600.0087890625,4966.3388671875,player,1,0.9256771206855774
24,16,643.0,536.0,7140.86376953125,4468.40673828125,player,1,0.895345151424408
24,19,438.5,404.0,6575.10693359375,1934.0374755859375,player,1,0.8905003070831299
24,20,1089.5,432.0,9475.8935546875,3373.9658203125,player,0,0.8486738204956055
24,22,1415.0,619.0,9395.27734375,6112.00439453125,player,1,0.9286834597587585
24,23,1364.5,601.0,9337.744140625,5905.39794921875,player,0,0.9335355162620544
24,18,1528.0,437.0,11465.9140625,4038.778076171875,goalkeeper,0,0.9031401872634888
24,10,1694.0,726.0,9620.3125,7109.69580078125,referee,-1,0.9302306771278381
24,17,842.5,471.0,8135.2578125,3752.800048828125,referee,-1,0.86210036277771
24,21,238.0,343.0,5574.90283203125,-62.38355255126953,referee,-1,0.8956690430641174
25,-1,1017.5,593.0,8240.0009765625,5487.59033203125,ball,-1,0.6975312829017639
25,1,289.5,697.0,5898.89599609375,5755.34228515625,player,1,0.8589141964912415
25,2,866.0,667.0,7539.03271484375,6001.75927734375,player,1,0.9190745949745178
25,3,306.5,506.0,5943.03857421875,3699.84375,player,1,0.90699702501297
25,4,1028.5,599.0,8251.8916015625,5556.625,player,0,0.8842004537582397
25,5,951.5,544.0,8218.28125,4890.70654296875,player,0,0.9127385020256042
25,6,993.0,548.0,8348.76953125,4980.90234375,player,1,0.9248959422111511
25,7,604.0,590.0,6900.609375,5060.19189453125,player,0,0.9036886096000671
25,8,1250.5,527.0,9411.3701171875,5004.04833984375,player,0,0.8780773878097534
25,9,646.5,485.0,7283.01123046875,3751.129638671875,player,0,0.8988209962844849
25,11,536.0,394.0,7060.30615234375,1824.785888671875,player,0,0.8962067365646362
25,12,864.5,589.0,7752.21630859375,5299.6513671875,player,1,0.890807032585144
25,13,1400.0,469.0,10505.166015625,4386.80126953125,player,1,0.9301475286483765
25,14,1009.5,722.0,7796.24609375,6517.7158203125,player,0,0.916719913482666
25,15,513.0,590.0,6606.59423828125,4973.67626953125,player,1,0.9128599762916565
25,16,644.5,535.0,7146.9375,4460.01220703125,player,1,0.9030996561050415
25,19,438.0,403.0,6565.6748046875,1912.88037109375,player,1,0.9019194841384888
25,20,1086.0,432.0,9456.193359375,3365.65234375,player,0,0.8202575445175171
25,22,1411.0,618.0,9391.005859375,6093.125,player,1,0.9305251836776733
25,23,1360.0,597.0,9348.9130859375,5858.32470703125,player,0,0.9318903684616089
25,18,1527.5,436.0,11470.54296875,4009.97900390625,goalkeeper,0,0.9016445875167847
25,10,1692.5,727.0,9615.572265625,7105.26953125,referee,-1,0.9227930903434753
25,17,843.0,472.0,8130.24951171875,3769.404052734375,referee,-1,0.8823888897895813
25,21,238.5,343.0,5561.35205078125,-59.448448181152344,referee,-1,0.8799925446510315
26,-1,1019.5,594.5,8236.841796875,5501.7177734375,ball,-1,0.5603668689727783
26,0,295.0,712.0,5910.35205078125,5876.21728515625,player,0,0.8265849351882935
26,2,863.5,668.0,7526.1923828125,6005.60888671875,player,1,0.920811653137207
26,3,306.5,505.0,5932.87158203125,3694.138916015625,player,1,0.9005210995674133
26,4,1030.0,598.0,8257.275390625,5545.759765625,player,0,0.8835420608520508
26,5,951.5,544.0,8212.3564453125,4889.34912109375,player,0,0.9178692698478699
26,6,994.0,548.0,8346.994140625,4980.04833984375,player,1,0.9195696115493774
26,7,605.5,591.0,6897.11474609375,5073.76318359375,player,0,0.8979060053825378
26,8,1250.5,526.0,9415.869140625,4987.1884765625,player,0,0.9003115892410278
26,9,645.5,486.0,7265.4814453125,3770.260498046875,player,0,0.9111055731773376
26,11,535.0,392.0,7044.28955078125,1787.808349609375,player,0,0.9076746106147766
26,12,870.5,587.0,7773.078125,5283.896484375,player,1,0.8886644840240479
26,13,1397.5,468.0,10503.99609375,4361.50537109375,player,1,0.9201467633247375
26,14,1005.5,724.0,7779.29736328125,6524.498046875,player,0,0.910229504108429
26,15,515.5,590.0,6607.6650390625,4978.67041015625,player,1,0.9087945222854614
26,16,644.0,536.0,7134.34130859375,4475.00732421875,player,1,0.9133584499359131
26,19,437.5,403.0,6547.224609375,1927.54736328125,player,1,0.9107503294944763
26,20,1085.0,432.0,9442.7861328125,3362.524658203125,player,0,0.8531948924064636
26,22,1408.5,619.0,9379.041015625,6093.71435546875,player,1,0.9223640561103821
26,23,1357.5,597.0,9341.375,5850.57275390625,player,0,0.9270541667938232
26,18,1527.5,435.0,11486.703125,3982.767578125,goalkeeper,0,0.9175804853439331
26,10,1689.0,727.0,9612.8369140625,7096.43603515625,referee,-1,0.9183144569396973
26,17,843.5,471.0,8127.09033203125,3755.419189453125,referee,-1,0.8885560631752014
26,21,239.5,343.0,5547.603515625,-25.465076446533203,referee,-1,0.8720705509185791
27,-1,1023.5,597.0,8236.90234375,5529.26318359375,ball,-1,0.394856333732605
27,0,294.0,713.0,5906.5048828125,5882.3369140625,player,0,0.908711850643158
27,2,860.5,669.0,7512.7607421875,6010.1982421875,player,1,0.9309723377227783
27,3,307.5,506.0,5935.412109375,3709.2578125,player,1,0.8935033679008484
27,4,1031.0,601.0,8245.4833984375,5574.8818359375,player,0,0.8892159461975098
27,5,951.0,543.0,8211.8642578125,4876.45947265625,player,0,0.9185602068901062
27,6,994.0,548.0,8343.81640625,4979.57177734375,player,1,0.9172291159629822
27,7,609.5,592.0,6906.60498046875,5087.4052734375,player,0,0.915486752986908
27,8,1249.5,526.0,9407.41015625,4985.7138671875,player,0,0.905757486820221
27,9,646.0,486.0,7265.48828125,3770.28662109375,player,0,0.9012169241905212
27,11,534.0,391.0,7040.54345703125,1760.819091796875,player,0,0.9126171469688416
27,12,877.5,589.0,7787.1572265625,5310.47265625,player,1,0.8547595143318176
27,13,1394.5,469.0,10474.2666015625,4373.23876953125,player,1,0.8895679712295532
27,14,1002.5,727.0,7760.90478515625,6540.7255859375,player,0,0.9281564354896545
27,15,518.0,590.0,6614.1279296875,4980.404296875,player,1,0.9142518639564514
27,16,644.0,535.0,7134.677734375,4461.65966796875,player,1,0.9191844463348389
27,19,436.0,402.0,6540.15478515625,1900.8299560546875,player,1,0.9058549404144287
27,20,1084.0,431.0,9442.2197265625,3342.5302734375,player,0,0.8773608803749084
27,22,1407.0,620.0,9363.6826171875,6099.82177734375,player,1,0.8908776044845581
27,23,1354.5,599.0,9314.9443359375,5865.2314453125,player,0,0.9141508340835571
27,18,1526.5,434.0,11487.111328125,3964.421875,goalkeeper,0,0.9202291965484619
27,10,1685.5,728.0,9592.7060546875,7097.73681640625,referee,-1,0.9159147143363953
27,17,843.0,471.0,8122.22998046875,3754.562744140625,referee,-1,0.8074787259101868
27,21,240.5,343.0,5552.0126953125,-26.920665740966797,referee,-1,0.8635276556015015
28,0,288.5,713.0,5887.328125,5883.318359375,player,0,0.8832631707191467
28,2,856.5,671.0,7487.947265625,6027.6494140625,player,1,0.9196832776069641
28,3,308.5,506.0,5934.40283203125,3714.116943359375,player,1,0.8980152010917664
28,4,1033.0,602.0,8237.9482421875,5591.44384765625,player,0,0.8906621336936951
28,5,951.0,543.0,8202.3974609375,4881.3046875,player,0,0.921504557132721
28,6,995.0,548.0,8337.5576171875,4985.49609375,player,1,0.9166643619537354
28,7,613.0,592.0,6911.0419921875,5095.73291015625,player,0,0.9076385498046875
28,8,1249.5,526.0,9395.33203125,4990.556640625,player,0,0.9066105484962463
28,9,645.5,485.0,7259.27294921875,3757.865234375,player,0,0.8804026246070862
28,11,530.5,391.0,7017.3486328125,1756.1612548828125,player,0,0.8898006677627563
28,12,886.0,593.0,7793.2412109375,5364.103515625,player,1,0.878838837146759
28,13,1388.0,469.0,10432.7607421875,4369.755859375,player,1,0.8685865998268127
28,14,998.0,728.0,7736.953125,6548.68505859375,player,0,0.9152419567108154
28,15,522.0,593.0,6617.3359375,5020.93994140625,player,1,0.9200989007949829
28,16,644.5,535.0,7129.396484375,4466.76171875,player,1,0.9222256541252136
28,19,434.0,402.0,6525.25,1898.590576171875,player,1,0.9080637693405151
28,20,1083.0,431.0,9427.248046875,3344.367919921875,player,0,0.8922301530838013
28,22,1399.5,621.0,9320.908203125,6106.32373046875,player,1,0.8747274279594421
28,23,1352.0,599.0,9293.880859375,5867.92041015625,player,0,0.9075352549552917
28,1,307.0,700.0,5935.5732421875,5799.3994140625,player,1,0.8664226531982422
28,18,1525.0,434.0,11465.2412109375,3966.330078125,goalkeeper,0,0.9165894985198975
28,10,1681.0,727.0,9570.794921875,7092.9384765625,referee,-1,0.9137566685676575
28,17,842.0,471.0,8109.58740234375,3757.163330078125,referee,-1,0.7154675126075745
28,21,242.0,343.0,5555.9169921875,-30.338708877563477,referee,-1,0.840378999710083
29,-1,1028.5,600.0,8231.8076171875,5560.0029296875,ball,-1,0.4492729902267456
29,0,289.0,713.0,5888.1220703125,5877.1884765625,player,0,0.8837060332298279
29,1,307.0,699.0,5934.98291015625,5785.11376953125,player,1,0.8652365207672119
29,2,854.0,671.0,7481.59033203125,6017.88525390625,player,1,0.9105610847473145
29,3,309.5,506.0,5935.63134765625,3709.76318359375,player,1,0.9017780423164368
29,4,1034.0,604.0,8233.8896484375,5603.2744140625,player,0,0.8885691165924072
29,5,950.0,543.0,8198.2919921875,4872.56298828125,player,0,0.9221283197402954
29,6,993.0,548.0,8330.1025390625,4975.58740234375,player,1,0.9183716773986816
29,7,616.0,593.0,6918.3681640625,5101.94384765625,player,0,0.9051802754402161
29,8,1248.5,526.0,9391.3935546875,4980.95458984375,player,0,0.9117873907089233
29,9,645.0,485.0,7255.0751953125,3751.153076171875,player,0,0.868887186050415
29,11,528.5,392.0,7000.04931640625,1775.5836181640625,player,0,0.8600218892097473
29,12,891.5,595.0,7804.7861328125,5381.59033203125,player,1,0.8911441564559937
29,13,1386.0,469.0,10422.6884765625,4358.76416015625,player,1,0.9035605192184448
29,14,995.0,729.0,7728.18115234375,6544.97998046875,player,0,0.9223418831825256
29,15,525.0,593.0,6626.044921875,5016.9287109375,player,1,0.9254246354103088
29,16,645.0,535.0,7129.8388671875,4460.5048828125,player,1,0.9228746891021729
29,17,842.0,471.0,8107.39599609375,3750.55810546875,player,0,0.8558915257453918
29,19,431.5,402.0,6509.00927734375,1892.52197265625,player,1,0.90925532579422
29,20,1083.0,431.0,9424.1240234375,3337.650390625,player,0,0.9029803276062012
29,22,1396.5,620.0,9318.8349609375,6086.130859375,player,1,0.903078019618988
29,23,1348.5,599.0,9283.7099609375,5855.67529296875,player,0,0.9014233946800232
29,18,1525.0,433.0,11476.15234375,3939.9638671875,goalkeeper,0,0.9139516949653625
29,10,1678.5,727.0,9567.703125,7081.8623046875,referee,-1,0.9163925647735596
29,21,243.0,343.0,5555.7021484375,-26.76388168334961,referee,-1,0.8529192209243774
29,-1,1899.5,808.0,9730.431640625,7664.81640625,referee,-1,0.6306009292602539
30,-1,1029.5,600.5,8231.0029296875,5567.28759765625,ball,-1,0.7454255223274231
30,0,289.0,712.0,5884.615234375,5874.36474609375,player,0,0.9023315906524658
30,1,308.5,698.0,5935.5546875,5783.1171875,player,1,0.8576595187187195
30,2,850.0,672.0,7465.4794921875,6024.9052734375,player,1,0.9049515128135681
30,3,310.5,506.0,5934.76611328125,3714.549072265625,player,1,0.9046555161476135
30,4,1035.0,606.0,8227.2392578125,5624.6162109375,player,0,0.9010360836982727
30,5,948.0,542.0,8193.0400390625,4859.9580078125,player,0,0.9141205549240112
30,6,990.0,547.0,8321.6669921875,4962.13525390625,player,1,0.9069285988807678
30,7,618.5,593.0,6923.31298828125,5107.39404296875,player,0,0.9116601347923279
30,8,1248.5,526.0,9389.8046875,4980.88232421875,player,0,0.9175703525543213
30,9,644.0,485.0,7247.60986328125,3752.162353515625,player,0,0.86449134349823
30,11,527.0,392.0,6988.0244140625,1774.627685546875,player,0,0.8586002588272095
30,12,896.0,597.0,7810.56640625,5407.728515625,player,1,0.8556828498840332
30,13,1383.0,469.0,10408.626953125,4353.6103515625,player,1,0.8902482390403748
30,14,992.0,731.0,7713.30517578125,6557.79541015625,player,0,0.935426652431488
30,15,528.5,594.0,6632.74658203125,5034.15673828125,player,1,0.9273325800895691
30,16,646.0,535.0,7130.16943359375,4464.1416015625,player,1,0.9250407218933105
30,19,429.0,402.0,6492.0263671875,1891.0386962890625,player,1,0.9092172980308533
30,20,1082.5,431.0,9419.81640625,3336.222412109375,player,0,0.91048264503479
30,22,1391.5,621.0,9295.9150390625,6090.15869140625,player,1,0.9092267751693726
30,23,1343.0,599.0,9264.1328125,5850.64697265625,player,0,0.9064680933952332
30,18,1524.5,433.0,11473.2080078125,3936.263427734375,goalkeeper,0,0.9115509986877441
30,10,1678.5,729.0,9556.375,7093.26708984375,referee,-1,0.9240158796310425
30,17,840.5,471.0,8098.33837890625,3749.890625,referee,-1,0.702093780040741
30,21,245.5,343.0,5562.39111328125,-22.494871139526367,referee,-1,0.8676791191101074
31,-1,1030.0,601.5,8224.9697265625,5576.11865234375,ball,-1,0.7292088270187378
31,0,289.5,712.0,5880.38525390625,5873.62646484375,player,0,0.8919485807418823
31,1,311.0,698.0,5936.7060546875,5783.95361328125,player,1,0.8720439672470093
31,2,845.5,673.0,7446.3994140625,6027.77392578125,player,1,0.8775834441184998
31,3,311.0,506.0,5929.11181640625,3713.201171875,player,1,0.9047358632087708
31,4,1035.5,607.0,8221.2822265625,5633.26513671875,player,0,0.902860701084137
31,5,945.5,542.0,8179.638671875,4856.072265625,player,0,0.9133309721946716
31,6,988.5,547.0,8312.095703125,4959.30908203125,player,1,0.8984947800636292
31,7,620.5,592.0,6926.21875,5097.5009765625,player,0,0.9156239628791809
31,8,1248.5,526.0,9386.3095703125,4979.6435546875,player,0,0.9179723858833313
31,9,642.5,485.0,7235.458984375,3748.822509765625,player,0,0.8849364519119263
31,11,523.0,393.0,6957.373046875,1791.7379150390625,player,0,0.8825426697731018
31,12,902.5,597.0,7827.474609375,5412.6005859375,player,1,0.8741244673728943
31,13,1381.0,469.0,10396.474609375,4350.02001953125,player,1,0.9054069519042969
31,14,990.0,732.0,7702.3369140625,6561.587890625,player,0,0.9328242540359497
31,15,530.5,595.0,6632.41845703125,5045.12451171875,player,1,0.9268041253089905
31,16,646.5,534.0,7128.599609375,4450.310546875,player,1,0.9244571328163147
31,17,839.0,471.0,8086.64453125,3746.607666015625,player,0,0.6812952160835266
31,19,425.0,402.0,6464.28564453125,1883.4580078125,player,1,0.9106413722038269
31,20,1081.5,431.0,9410.263671875,3333.5322265625,player,0,0.91115403175354
31,22,1389.5,620.0,9292.58203125,6078.673828125,player,1,0.911371648311615
31,23,1339.5,599.0,9249.76171875,5846.12255859375,player,0,0.9095929265022278
31,18,1523.0,433.0,11462.591796875,3933.2373046875,goalkeeper,0,0.9052547216415405
31,10,1677.5,730.0,9546.9462890625,7097.04736328125,referee,-1,0.938748300075531
31,21,247.0,343.0,5559.24365234375,-24.118366241455078,referee,-1,0.8732441067695618
32,-1,1030.5,603.5,8206.35546875,5599.48095703125,ball,-1,0.5063778162002563
32,0,292.5,711.0,5883.38671875,5867.3046875,player,0,0.9147040247917175
32,1,312.0,698.0,5934.47802734375,5783.79296875,player,1,0.8773834705352783
32,2,841.5,676.0,7417.4501953125,6049.396484375,player,1,0.9033660888671875
32,3,312.0,506.0,5930.296875,3714.671142578125,player,1,0.9044199585914612
32,4,1035.5,609.0,8201.0419921875,5655.73095703125,player,0,0.9130749106407166
32,5,943.5,541.0,8165.87841796875,4846.1796875,player,0,0.9124915599822998
32,6,987.0,547.0,8295.341796875,4962.1728515625,player,1,0.9020174741744995
32,7,622.5,593.0,6923.38134765625,5111.52001953125,player,0,0.9130659699440002
32,8,1250.0,526.0,9377.943359375,4987.666015625,player,0,0.9184252619743347
32,9,642.5,486.0,7226.328125,3767.02587890625,player,0,0.8960391283035278
32,11,520.0,392.0,6942.609375,1763.0760498046875,player,0,0.8777017593383789
32,12,908.0,598.0,7831.07275390625,5430.873046875,player,1,0.9002896547317505
32,13,1379.0,468.0,10383.7158203125,4340.37255859375,player,1,0.9131309390068054
32,14,988.5,732.0,7685.80908203125,6561.99365234375,player,0,0.9181593656539917
32,15,533.5,595.0,6635.46484375,5049.12890625,player,1,0.9244845509529114
32,16,648.0,534.0,7126.77880859375,4454.244140625,player,1,0.9228063821792603
32,19,423.5,403.0,6454.0732421875,1904.9163818359375,player,1,0.8986079692840576
32,20,1081.0,430.0,9406.384765625,3319.387451171875,player,0,0.9019335508346558
32,22,1388.0,620.0,9271.3798828125,6082.9169921875,player,1,0.9233535528182983
32,23,1338.5,599.0,9230.69921875,5850.91650390625,player,0,0.9213903546333313
32,18,1520.5,432.0,11450.15625,3921.703125,goalkeeper,0,0.9023993015289307
32,10,1676.0,730.0,9523.29296875,7100.71923828125,referee,-1,0.9404242634773254
32,17,839.0,471.0,8078.18115234375,3750.485595703125,referee,-1,0.7429965138435364
32,21,249.5,342.0,5574.353515625,-59.82653045654297,referee,-1,0.88862544298172
33,-1,1031.5,605.0,8198.083984375,5612.908203125,ball,-1,0.6496795415878296
33,0,295.0,710.0,5886.4521484375,5861.08984375,player,0,0.9304160475730896
33,1,313.0,696.0,5933.5986328125,5768.31591796875,player,1,0.8533354997634888
33,2,840.5,678.0,7405.58984375,6062.595703125,player,1,0.9177281260490417
33,3,313.0,507.0,5928.92236328125,3729.4443359375,player,1,0.9000416994094849
33,4,1037.0,610.0,8196.3623046875,5664.7275390625,player,0,0.9165830016136169
33,5,943.0,541.0,8157.9072265625,4843.91357421875,player,0,0.9099510908126831
33,6,986.5,547.0,8287.345703125,4959.8779296875,player,1,0.8998757004737854
33,7,625.0,593.0,6926.572265625,5112.61572265625,player,0,0.9029895663261414
33,8,1251.0,526.0,9374.3857421875,4986.5615234375,player,0,0.9202966690063477
33,9,642.0,487.0,7215.5126953125,3780.475341796875,player,0,0.9109817743301392
33,11,518.5,391.0,6930.4453125,1734.0950927734375,player,0,0.8755976557731628
33,12,912.5,598.0,7840.18310546875,5433.56982421875,player,1,0.901414155960083
33,13,1376.5,469.0,10353.978515625,4350.1279296875,player,1,0.9223870038986206
33,14,986.0,732.0,7674.82080078125,6558.65625,player,0,0.917108416557312
33,15,535.5,597.0,6634.80859375,5070.65673828125,player,1,0.9263797998428345
33,16,649.5,534.0,7126.64697265625,4454.33935546875,player,1,0.921211302280426
33,19,422.0,402.0,6441.306640625,1877.3017578125,player,1,0.8945648074150085
33,20,1080.5,431.0,9387.0322265625,3335.52099609375,player,0,0.8908160328865051
33,22,1385.0,620.0,9255.421875,6078.02685546875,player,1,0.933312714099884
33,23,1337.5,598.0,9226.609375,5838.6845703125,player,0,0.9265868067741394
33,18,1519.0,432.0,11432.4921875,3916.82373046875,goalkeeper,0,0.8983532786369324
33,10,1675.5,731.0,9510.8466796875,7103.8232421875,referee,-1,0.94391930103302
33,17,839.0,471.0,8071.283203125,3748.5966796875,referee,-1,0.8820333480834961
33,21,252.0,342.0,5580.3984375,-58.82229995727539,referee,-1,0.8750250339508057
34,-1,1033.0,605.5,8205.888671875,5613.63037109375,ball,-1,0.6853918433189392
34,0,295.0,709.0,5885.77783203125,5856.4775390625,player,0,0.9138132333755493
34,1,314.5,702.0,5937.16259765625,5818.578125,player,1,0.8142845630645752
34,2,836.0,678.0,7397.90185546875,6056.31689453125,player,1,0.9169470071792603
34,3,314.5,507.0,5925.7431640625,3732.072998046875,player,1,0.892389714717865
34,4,1038.0,610.0,8204.66015625,5660.263671875,player,0,0.9112969636917114
34,5,943.5,541.0,8161.47412109375,4839.36767578125,player,0,0.9153367280960083
34,6,986.5,547.0,8289.7861328125,4954.3798828125,player,1,0.8997159004211426
34,7,627.0,593.0,6933.03369140625,5113.353515625,player,0,0.8928905129432678
34,8,1251.5,526.0,9379.984375,4978.119140625,player,0,0.9168864488601685
34,9,643.5,487.0,7216.97509765625,3779.84765625,player,0,0.9123319983482361
34,11,517.0,391.0,6909.64990234375,1730.176513671875,player,0,0.8838067650794983
34,12,915.5,598.0,7853.4267578125,5432.25,player,1,0.8889588117599487
34,13,1371.5,469.0,10333.689453125,4332.93505859375,player,1,0.9289562702178955
34,14,983.5,732.0,7675.90478515625,6553.19580078125,player,0,0.91880863904953
34,15,538.0,598.0,6640.58544921875,5083.1259765625,player,1,0.9200034737586975
34,16,651.5,534.0,7131.806640625,4454.45654296875,player,1,0.9190690517425537
34,17,839.0,472.0,8063.86572265625,3760.36865234375,player,0,0.6563920378684998
34,19,421.5,402.0,6424.63916015625,1875.5743408203125,player,1,0.9053459763526917
34,20,1078.5,431.0,9374.837890625,3325.449462890625,player,0,0.8871465921401978
34,22,1381.5,620.0,9252.310546875,6065.400390625,player,1,0.9292075634002686
34,23,1334.5,598.0,9223.7509765625,5826.7060546875,player,0,0.9277775883674622
34,18,1519.0,433.0,11417.439453125,3921.069091796875,goalkeeper,0,0.9004099369049072
34,10,1675.5,732.0,9518.078125,7098.36474609375,referee,-1,0.9396083354949951
34,21,255.0,342.0,5572.12841796875,-55.613224029541016,referee,-1,0.8704250454902649
35,-1,1034.5,606.5,8199.5390625,5621.7744140625,ball,-1,0.7540361285209656
35,0,298.0,709.0,5888.548828125,5859.26953125,player,0,0.8982293605804443
35,1,316.0,702.0,5935.92578125,5820.203125,player,1,0.8263458609580994
35,2,832.0,679.0,7377.1025390625,6059.041015625,player,1,0.8951089978218079
35,3,316.0,507.0,5928.07861328125,3739.896484375,player,1,0.890010416507721
35,4,1040.0,611.0,8199.9208984375,5668.69970703125,player,0,0.9022327065467834
35,5,944.0,541.0,8155.57275390625,4837.865234375,player,0,0.9200719594955444
35,6,986.5,546.0,8286.5859375,4940.2626953125,player,1,0.8969574570655823
35,7,630.0,593.0,6935.9541015625,5116.08203125,player,0,0.8878901600837708
35,8,1253.5,526.0,9380.9794921875,4975.70849609375,player,0,0.9217080473899841
35,9,645.0,487.0,7215.97509765625,3784.036376953125,player,0,0.9130964279174805
35,11,517.0,392.0,6901.53662109375,1767.9130859375,player,0,0.8975977301597595
35,12,921.0,598.0,7863.7724609375,5435.34375,player,1,0.9045030474662781
35,13,1367.0,469.0,10308.7646484375,4321.2685546875,player,1,0.8972873091697693
35,14,981.5,730.0,7668.19140625,6536.9755859375,player,0,0.9209818840026855
35,15,540.5,598.0,6642.30224609375,5085.9638671875,player,1,0.9148339033126831
35,16,652.5,534.0,7128.5107421875,4456.36376953125,player,1,0.9238747358322144
35,17,839.0,471.0,8060.392578125,3744.406982421875,player,0,0.8481022119522095
35,19,420.5,402.0,6416.11328125,1888.3511962890625,player,1,0.915554404258728
35,20,1076.5,431.0,9356.9716796875,3320.546142578125,player,0,0.8933101296424866
35,22,1378.5,621.0,9231.68359375,6067.27783203125,player,1,0.9165877103805542
35,23,1331.5,596.0,9219.380859375,5801.27001953125,player,0,0.93379807472229
35,18,1519.0,433.0,11414.484375,3912.0830078125,goalkeeper,0,0.9119884967803955
35,10,1674.5,732.0,9511.833984375,7095.3369140625,referee,-1,0.9398680329322815
35,21,257.5,342.0,5588.5498046875,-19.61520004272461,referee,-1,0.8933030366897583
36,0,302.5,709.0,5897.77783203125,5862.10205078125,player,0,0.8889541625976562
36,2,830.5,679.0,7367.5439453125,6057.03955078125,player,1,0.9102853536605835
36,3,318.0,506.0,5934.1953125,3723.000732421875,player,1,0.9080275297164917
36,4,1043.5,612.0,8200.3466796875,5679.4423828125,player,0,0.9166600108146667
36,5,944.0,540.0,8153.2451171875,4822.89501953125,player,0,0.9231148958206177
36,6,986.5,545.0,8284.1376953125,4925.70068359375,player,1,0.8976631164550781
36,7,634.0,593.0,6944.77001953125,5117.51513671875,player,0,0.9093480110168457
36,8,1255.0,526.0,9377.01171875,4974.35791015625,player,0,0.9132212996482849
36,9,648.0,486.0,7226.5166015625,3767.663818359375,player,0,0.9194251298904419
36,11,516.5,391.0,6899.28564453125,1736.929931640625,player,0,0.9023236632347107
36,12,926.5,598.0,7875.47412109375,5438.4794921875,player,1,0.9086393713951111
36,13,1365.0,470.0,10278.140625,4330.5087890625,player,1,0.8913292288780212
36,14,980.5,731.0,7657.08203125,6542.689453125,player,0,0.9257615804672241
36,15,543.5,598.0,6648.357421875,5086.45703125,player,1,0.9125545024871826
36,16,654.0,534.0,7129.7685546875,4454.6435546875,player,1,0.9374659061431885
36,17,840.0,471.0,8058.517578125,3741.4384765625,player,0,0.8528478741645813
36,19,421.0,400.0,6419.7255859375,1835.7159423828125,player,1,0.9128143787384033
36,20,1076.5,431.0,9347.5205078125,3316.11962890625,player,0,0.8819507360458374
36,22,1376.0,622.0,9208.9287109375,6072.09814453125,player,1,0.9154359102249146
36,23,1330.0,595.0,9210.8515625,5788.7197265625,player,0,0.9314418435096741
36,18,1520.5,432.0,11419.275390625,3892.027099609375,goalkeeper,0,0.9252938628196716
36,10,1673.0,732.0,9497.7294921875,7094.46435546875,referee,-1,0.9363592267036438
36,21,260.0,341.0,5603.45654296875,-56.13014221191406,referee,-1,0.8969810605049133
37,-1,1038.5,608.0,8196.625,5633.61572265625,ball,-1,0.7292850613594055
37,0,307.5,709.0,5909.3193359375,5867.17431640625,player,0,0.9220293164253235
37,2,827.0,678.0,7358.21630859375,6043.84375,player,1,0.9214399456977844
37,3,319.5,506.0,5933.1328125,3727.5400390625,player,1,0.898750364780426
37,4,1046.0,612.0,8205.2841796875,5677.51123046875,player,0,0.908427357673645
37,5,944.5,540.0,8150.2119140625,4820.50048828125,player,0,0.9213356375694275
37,6,985.5,547.0,8267.044921875,4944.892578125,player,1,0.9085301756858826
37,7,638.5,593.0,6955.73828125,5121.12939453125,player,0,0.8944712281227112
37,8,1255.5,526.0,9373.1123046875,4968.98291015625,player,0,0.9061434864997864
37,9,650.0,485.0,7230.482421875,3754.49755859375,player,0,0.9193222522735596
37,11,515.0,390.0,6883.1689453125,1712.7215576171875,player,0,0.8989688158035278
37,12,933.0,601.0,7883.2490234375,5470.65478515625,player,1,0.922421395778656
37,13,1363.5,470.0,10263.271484375,4321.92626953125,player,1,0.8749767541885376
37,14,978.0,733.0,7645.1005859375,6549.537109375,player,0,0.9294606447219849
37,15,546.5,597.0,6655.57177734375,5079.0498046875,player,1,0.9236555099487305
37,16,656.0,534.0,7131.876953125,4456.458984375,player,1,0.9358816146850586
37,17,842.5,471.0,8061.7255859375,3742.900634765625,player,0,0.8607731461524963
37,19,421.5,400.0,6411.15576171875,1839.69970703125,player,1,0.9064648747444153
37,20,1077.5,430.0,9351.173828125,3294.8642578125,player,0,0.8890323638916016
37,22,1374.5,622.0,9200.9345703125,6063.43603515625,player,1,0.9021244645118713
37,23,1329.5,595.0,9205.3486328125,5781.41845703125,player,0,0.9190335273742676
37,18,1521.0,432.0,11410.2294921875,3884.19091796875,goalkeeper,0,0.905997097492218
37,10,1671.5,733.0,9487.1787109375,7089.12255859375,referee,-1,0.9272538423538208
37,21,263.0,342.0,5605.57861328125,-13.036216735839844,referee,-1,0.8773722648620605
38,0,309.0,710.0,5906.927734375,5871.0419921875,player,0,0.9276330471038818
38,2,824.5,676.0,7348.14794921875,6022.79833984375,player,1,0.9236264228820801
38,3,321.0,505.0,5932.81689453125,3707.912841796875,player,1,0.8973788619041443
38,4,1047.0,614.0,8193.2119140625,5693.51318359375,player,0,0.9143954515457153
38,5,944.0,540.0,8140.81201171875,4816.02099609375,player,0,0.9100204706192017
38,6,984.5,547.0,8255.8095703125,4940.091796875,player,1,0.9199596643447876
38,7,643.0,593.0,6963.326171875,5120.6162109375,player,0,0.9083614349365234
38,8,1256.5,527.0,9361.7568359375,4979.287109375,player,0,0.9001914858818054
38,9,650.0,485.0,7223.609375,3749.23486328125,player,0,0.9170608520507812
38,11,515.0,392.0,6872.01611328125,1756.4388427734375,player,0,0.8780477046966553
38,12,939.0,605.0,7881.8017578125,5511.05126953125,player,1,0.9299075603485107
38,13,1362.5,470.0,10250.0361328125,4317.9970703125,player,1,0.8747539520263672
38,14,977.0,735.0,7630.33935546875,6558.71142578125,player,0,0.9329554438591003
38,15,549.0,598.0,6655.626953125,5086.77294921875,player,1,0.9209856390953064
38,16,656.5,534.0,7126.7734375,4452.00390625,player,1,0.9306807518005371
38,17,844.0,471.0,8060.43701171875,3739.91845703125,player,0,0.7447150945663452
38,19,421.0,402.0,6400.62890625,1880.381591796875,player,1,0.9050548076629639
38,20,1078.0,429.0,9353.353515625,3272.33251953125,player,0,0.9017949104309082
38,22,1374.5,623.0,9187.3564453125,6069.7373046875,player,1,0.888512372970581
38,23,1327.5,594.0,9196.2373046875,5767.72265625,player,0,0.9000232219696045
38,18,1521.0,432.0,11400.4501953125,3882.00048828125,goalkeeper,0,0.9159052968025208
38,10,1668.5,733.0,9470.921875,7085.90625,referee,-1,0.9157305955886841
38,21,267.0,341.0,5622.26708984375,-47.813323974609375,referee,-1,0.8732012510299683
39,0,313.0,711.0,5910.1376953125,5883.82958984375,player,0,0.923976719379425
39,2,821.5,677.0,7331.01025390625,6026.486328125,player,1,0.9250364303588867
39,3,323.5,505.0,5925.513671875,3715.69091796875,player,1,0.8929822444915771
39,4,1050.0,615.0,8190.876953125,5702.3994140625,player,0,0.9096969962120056
39,5,944.0,540.0,8129.42236328125,4815.02001953125,player,0,0.9115228652954102
39,6,985.0,547.0,8246.6435546875,4939.09326171875,player,1,0.9186261296272278
39,7,646.0,593.0,6962.796875,5124.44580078125,player,0,0.9041818976402283
39,8,1257.0,527.0,9352.267578125,4975.73779296875,player,0,0.9050851464271545
39,9,651.0,485.0,7211.94775390625,3752.898193359375,player,0,0.9045681953430176
39,11,514.5,392.0,6845.64697265625,1760.56884765625,player,0,0.8521223068237305
39,12,945.5,607.0,7887.35498046875,5534.18798828125,player,1,0.9301260709762573
39,13,1360.0,470.0,10224.919921875,4310.5048828125,player,1,0.8737898468971252
39,14,975.5,738.0,7614.9765625,6573.03515625,player,0,0.9352807402610779
39,15,552.0,598.0,6654.75,5091.33251953125,player,1,0.910932719707489
39,16,658.0,534.0,7119.31396484375,4455.32421875,player,1,0.9272992014884949
39,19,420.0,401.0,6373.02783203125,1860.8759765625,player,1,0.893179714679718
39,20,1078.5,429.0,9338.2529296875,3271.994140625,player,0,0.906528651714325
39,22,1372.5,624.0,9168.330078125,6070.1162109375,player,1,0.8801334500312805
39,23,1326.0,594.0,9182.8271484375,5760.80810546875,player,0,0.9082587361335754
39,18,1522.0,431.0,11401.4990234375,3859.244384765625,goalkeeper,0,0.9143937230110168
39,10,1668.0,734.0,9460.57421875,7081.369140625,referee,-1,0.9111849069595337
39,17,845.0,471.0,8049.0927734375,3741.95166015625,referee,-1,0.7551125288009644
39,21,271.5,341.0,5614.10791015625,-35.42047882080078,referee,-1,0.8813208937644958
40,-1,1045.0,612.0,8174.72314453125,5671.48193359375,ball,-1,0.6280871033668518
40,0,315.0,712.0,5905.85302734375,5896.0,player,0,0.929937481880188
40,2,819.5,678.0,7312.97119140625,6034.42236328125,player,1,0.9202771782875061
40,3,325.0,505.0,5918.212890625,3718.483154296875,player,1,0.8938089609146118
40,4,1050.5,617.0,8173.45654296875,5722.0048828125,player,0,0.9044966697692871
40,5,943.5,540.0,8115.25146484375,4815.3369140625,player,0,0.8887729644775391
40,6,985.5,548.0,8231.7578125,4952.06298828125,player,1,0.9209337830543518
40,7,649.0,595.0,6957.837890625,5149.7236328125,player,0,0.9068218469619751
40,8,1258.0,527.0,9342.4150390625,4976.68994140625,player,0,0.9022679328918457
40,9,652.0,485.0,7202.93408203125,3754.5400390625,player,0,0.8815618753433228
40,11,513.0,392.0,6822.7998046875,1756.1363525390625,player,0,0.8642213940620422
40,12,950.0,607.0,7890.2861328125,5539.49853515625,player,1,0.918312132358551
40,13,1359.5,469.0,10217.083984375,4293.68408203125,player,1,0.9081020355224609
40,14,974.0,742.0,7592.00830078125,6598.55126953125,player,0,0.9289923906326294
40,15,555.0,600.0,6650.86767578125,5116.70361328125,player,1,0.9183416366577148
40,16,659.0,534.0,7110.81640625,4457.634765625,player,1,0.9252752065658569
40,19,419.0,402.0,6351.76708984375,1881.2479248046875,player,1,0.8954987525939941
40,20,1079.0,429.0,9325.7490234375,3271.521240234375,player,0,0.90864098072052
40,22,1371.0,623.0,9156.4091796875,6060.38916015625,player,1,0.8816009759902954
40,23,1323.5,594.0,9161.75,5758.57080078125,player,0,0.8979688882827759
40,18,1522.5,433.0,11359.669921875,3893.845947265625,goalkeeper,0,0.9108543395996094
40,10,1668.5,734.0,9449.6201171875,7080.9599609375,referee,-1,0.9153244495391846
40,17,844.5,471.0,8033.63037109375,3741.465087890625,referee,-1,0.7943857908248901
40,21,275.5,340.0,5616.49658203125,-71.04619598388672,referee,-1,0.8622848391532898
41,-1,1047.5,612.5,8168.3564453125,5674.66064453125,ball,-1,0.5123870968818665
41,0,318.5,713.0,5907.08251953125,5904.99755859375,player,0,0.9306843280792236
41,2,817.5,680.0,7292.15771484375,6045.29248046875,player,1,0.9163464903831482
41,3,327.5,505.0,5918.67919921875,3726.177490234375,player,1,0.8941725492477417
41,4,1048.0,618.0,8149.56689453125,5725.14794921875,player,0,0.9163075685501099
41,5,943.5,540.0,8101.5849609375,4812.703125,player,0,0.8876644968986511
41,6,988.0,548.0,8227.072265625,4951.4697265625,player,1,0.9249810576438904
41,7,651.0,596.0,6951.177734375,5160.5849609375,player,0,0.9093299508094788
41,8,1259.5,527.0,9334.375,4973.216796875,player,0,0.8979619741439819
41,9,653.5,485.0,7195.583984375,3757.971923828125,player,0,0.8647982478141785
41,11,511.5,392.0,6801.63427734375,1765.903076171875,player,0,0.8715558052062988
41,12,955.5,607.0,7895.392578125,5541.25830078125,player,1,0.9000402092933655
41,13,1358.5,470.0,10188.7490234375,4301.6416015625,player,1,0.9173781871795654
41,14,972.0,743.0,7573.81689453125,6599.96923828125,player,0,0.9356817007064819
41,15,557.0,601.0,6645.3935546875,5128.060546875,player,1,0.9272578954696655
41,16,659.5,534.0,7100.2509765625,4458.17626953125,player,1,0.9181058406829834
41,19,419.0,402.0,6340.12255859375,1893.906005859375,player,1,0.8951413631439209
41,20,1080.0,429.0,9313.103515625,3270.313232421875,player,0,0.9066373109817505
41,22,1370.5,623.0,9143.2626953125,6055.06640625,player,1,0.9006320834159851
41,23,1322.0,594.0,9144.5966796875,5752.2255859375,player,0,0.9019297957420349
41,18,1522.0,432.0,11357.09375,3866.7470703125,goalkeeper,0,0.9158328771591187
41,10,1668.0,737.0,9424.4716796875,7093.58740234375,referee,-1,0.9276020526885986
41,21,280.5,340.0,5636.07080078125,-35.25446701049805,referee,-1,0.8442453742027283
42,0,322.5,715.0,5908.384765625,5927.14697265625,player,0,0.933899462223053
42,2,815.5,681.0,7274.0595703125,6053.79931640625,player,1,0.9233664870262146
42,3,330.5,507.0,5916.541015625,3764.31884765625,player,1,0.8877308368682861
42,4,1048.0,618.0,8137.51904296875,5727.3095703125,player,0,0.9282030463218689
42,5,945.0,540.0,8094.42138671875,4817.76953125,player,0,0.9171169996261597
42,6,989.5,548.0,8219.7802734375,4956.255859375,player,1,0.9348059296607971
42,7,654.0,598.0,6946.14697265625,5187.96142578125,player,0,0.9038238525390625
42,8,1261.5,526.0,9334.3681640625,4965.3046875,player,0,0.8963614106178284
42,9,655.0,484.0,7191.12353515625,3748.437744140625,player,0,0.8796600699424744
42,11,512.0,390.0,6792.6396484375,1718.15576171875,player,0,0.885466456413269
42,12,961.5,606.0,7906.01416015625,5539.91455078125,player,1,0.889062225818634
42,13,1358.0,468.0,10190.158203125,4272.62451171875,player,1,0.9238082766532898
42,14,971.0,744.0,7558.65185546875,6606.140625,player,0,0.9316442012786865
42,15,559.5,602.0,6641.04541015625,5145.076171875,player,1,0.9223229885101318
42,16,660.5,534.0,7091.654296875,4463.84130859375,player,1,0.9153599739074707
42,19,418.0,401.0,6319.966796875,1870.7601318359375,player,1,0.8829264044761658
42,20,1081.0,429.0,9303.62890625,3274.595458984375,player,0,0.9058321118354797
42,22,1369.5,623.0,9126.228515625,6054.3984375,player,1,0.9200332164764404
42,23,1321.5,595.0,9123.47265625,5762.11572265625,player,0,0.9165353178977966
42,18,1523.0,433.0,11331.0595703125,3887.650146484375,goalkeeper,0,0.9112729430198669
42,10,1667.0,737.0,9407.1337890625,7089.224609375,referee,-1,0.9324963092803955
42,17,841.5,471.0,7992.88671875,3741.998779296875,referee,-1,0.9065539836883545
42,21,284.5,338.0,5634.8984375,-104.18891143798828,referee,-1,0.8498263359069824
43,-1,1021.0,614.5,8061.67333984375,5669.1162109375,ball,-1,0.49100261926651
43,0,326.0,716.0,5936.2470703125,5923.3369140625,player,0,0.9162887334823608
43,2,811.0,683.0,7260.234375,6059.87939453125,player,1,0.9207513928413391
43,3,332.0,507.0,5944.953125,3755.018310546875,player,1,0.8878626227378845
43,4,1050.0,617.0,8143.359375,5718.046875,player,0,0.9224624633789062
43,5,945.0,539.0,8094.205078125,4799.85888671875,player,0,0.9178628921508789
43,6,990.0,548.0,8216.44921875,4951.8642578125,player,1,0.9322259426116943
43,7,656.5,598.0,6960.4384765625,5180.65576171875,player,0,0.9042521715164185
43,8,1261.5,526.0,9324.201171875,4964.81591796875,player,0,0.9055595397949219
43,9,656.5,484.0,7201.44970703125,3741.237060546875,player,0,0.8998291492462158
43,11,512.0,389.0,6806.333984375,1693.2989501953125,player,0,0.8989212512969971
43,12,968.0,609.0,7914.04150390625,5570.099609375,player,1,0.9340840578079224
43,13,1356.0,468.0,10168.64453125,4268.7314453125,player,1,0.9129066467285156
43,14,970.0,745.0,7554.01953125,6610.8056640625,player,0,0.9345493316650391
43,15,561.5,602.0,6657.37451171875,5135.94580078125,player,1,0.9169088006019592
43,16,661.0,534.0,7098.66357421875,4454.779296875,player,1,0.908048689365387
43,19,418.5,400.0,6342.49169921875,1847.6431884765625,player,1,0.8876926898956299
43,20,1080.5,429.0,9287.828125,3267.464111328125,player,0,0.9043164253234863
43,22,1366.5,623.0,9109.1611328125,6057.40869140625,player,1,0.9229620099067688
43,23,1319.5,594.0,9114.2646484375,5754.365234375,player,0,0.9142655730247498
43,18,1523.5,433.0,11321.4892578125,3886.80078125,goalkeeper,0,0.9131388068199158
43,10,1667.0,738.0,9396.4873046875,7112.2587890625,referee,-1,0.9308907985687256
43,17,839.5,470.0,7985.11572265625,3715.90380859375,referee,-1,0.9035115838050842
43,21,288.0,339.0,5691.63037109375,-42.3133430480957,referee,-1,0.8325600028038025
44,-1,1002.5,615.5,7994.85107421875,5655.81494140625,ball,-1,0.7107988595962524
44,0,334.0,715.0,5948.4111328125,5923.7783203125,player,0,0.9180306792259216
44,2,806.5,688.0,7232.8505859375,6091.2197265625,player,1,0.9249011278152466
44,3,335.0,509.0,5941.47021484375,3791.302001953125,player,1,0.8948690295219421
44,4,1053.0,617.0,8147.82421875,5714.46826171875,player,0,0.9228886961936951
44,5,945.5,539.0,8086.69677734375,4794.2021484375,player,0,0.9218568801879883
44,6,990.0,549.0,8203.8486328125,4956.83447265625,player,1,0.9283227920532227
44,7,662.5,598.0,6970.025390625,5183.88720703125,player,0,0.8805744051933289
44,8,1262.5,527.0,9315.1630859375,4967.29052734375,player,0,0.9158539175987244
44,9,658.0,485.0,7190.16064453125,3757.489501953125,player,0,0.9234717488288879
44,11,512.0,388.0,6786.53125,1678.0311279296875,player,0,0.9053773283958435
44,12,974.5,615.0,7908.8388671875,5626.310546875,player,1,0.9132839441299438
44,13,1355.0,469.0,10146.33203125,4269.498046875,player,1,0.891502320766449
44,14,970.0,746.0,7549.36376953125,6614.19091796875,player,0,0.9280361533164978
44,15,565.5,602.0,6659.9345703125,5138.48681640625,player,1,0.911182165145874
44,16,662.5,534.0,7092.06201171875,4454.2392578125,player,1,0.9013714790344238
44,19,419.5,399.0,6327.40478515625,1835.8656005859375,player,1,0.8931741118431091
44,20,1080.5,429.0,9272.0546875,3259.427734375,player,0,0.9074225425720215
44,22,1365.5,624.0,9100.1279296875,6055.76171875,player,1,0.936681866645813
44,23,1318.0,593.0,9112.50390625,5733.80078125,player,0,0.9311540126800537
44,18,1524.5,434.0,11304.28515625,3888.329345703125,goalkeeper,0,0.9164606332778931
44,10,1668.0,738.0,9405.455078125,7105.5009765625,referee,-1,0.9187670946121216
44,17,840.5,470.0,7974.84814453125,3712.9873046875,referee,-1,0.8919249176979065
44,21,293.0,339.0,5694.5283203125,-8.005958557128906,referee,-1,0.8556330800056458
45,-1,984.0,616.0,7923.18994140625,5642.9921875,ball,-1,0.30376750230789185
45,0,341.0,714.0,5956.8740234375,5921.9375,player,0,0.9140100479125977
45,2,804.5,689.0,7214.8017578125,6096.244140625,player,1,0.9228612184524536
45,3,336.5,509.0,5933.95068359375,3792.7744140625,player,1,0.8954938650131226
45,4,1057.0,617.0,8147.99462890625,5716.8515625,player,0,0.9198030829429626
45,5,946.5,539.0,8077.2314453125,4794.56787109375,player,0,0.9201616048812866
45,6,990.0,548.0,8194.9833984375,4944.44384765625,player,1,0.9138497710227966
45,7,665.5,601.0,6962.93017578125,5216.74755859375,player,0,0.9058665633201599
45,8,1264.5,526.0,9314.6318359375,4955.7333984375,player,0,0.9276152849197388
45,9,659.0,485.0,7180.7236328125,3758.08984375,player,0,0.9098037481307983
45,11,511.5,388.0,6768.18798828125,1674.15380859375,player,0,0.9000563621520996
45,12,980.0,621.0,7894.6142578125,5684.990234375,player,1,0.9291123747825623
45,13,1352.0,470.0,10107.802734375,4280.06591796875,player,1,0.8650469779968262
45,14,971.5,746.0,7542.61474609375,6613.5927734375,player,0,0.9345663785934448
45,15,569.0,603.0,6658.3916015625,5151.76416015625,player,1,0.9217578172683716
45,16,664.0,534.0,7084.90966796875,4455.5751953125,player,1,0.9037491083145142
45,19,420.0,399.0,6313.87109375,1833.4971923828125,player,1,0.8936244249343872
45,20,1080.5,429.0,9256.6650390625,3258.083740234375,player,0,0.8938708901405334
45,22,1365.5,625.0,9081.1533203125,6062.00341796875,player,1,0.9284167885780334
45,23,1316.5,592.0,9099.0595703125,5721.03564453125,player,0,0.9301348328590393
45,18,1525.0,430.0,11341.154296875,3814.975341796875,goalkeeper,0,0.901045560836792
45,10,1667.0,738.0,9388.8076171875,7100.48095703125,referee,-1,0.9159907102584839
45,17,843.0,470.0,7971.2333984375,3714.97802734375,referee,-1,0.8989083170890808
45,21,297.5,338.0,5698.99658203125,-44.068695068359375,referee,-1,0.8554027676582336
46,0,346.5,715.0,5964.2265625,5930.75048828125,player,0,0.9132589101791382
46,2,803.5,690.0,7204.75439453125,6099.9658203125,player,1,0.9371139407157898
46,3,339.5,508.0,5938.3740234375,3777.814208984375,player,1,0.8892070055007935
46,4,1059.5,617.0,8150.263671875,5715.81494140625,player,0,0.9180711507797241
46,5,947.0,537.0,8081.1044921875,4767.86376953125,player,0,0.9174172282218933
46,6,990.0,545.0,8201.6015625,4906.3232421875,player,1,0.910430371761322
46,7,668.0,602.0,6963.3388671875,5225.81982421875,player,0,0.9070729613304138
46,8,1266.5,526.0,9314.66796875,4955.09619140625,player,0,0.931078314781189
46,9,662.0,484.0,7189.0869140625,3743.302734375,player,0,0.9045419692993164
46,11,511.5,388.0,6762.0712890625,1674.892822265625,player,0,0.8934671878814697
46,12,982.5,621.0,7896.8662109375,5683.9755859375,player,1,0.919102668762207
46,13,1349.5,470.0,10087.0263671875,4275.96826171875,player,1,0.8888692855834961
46,14,972.5,745.0,7542.18603515625,6605.3681640625,player,0,0.9284496903419495
46,15,572.0,603.0,6661.77978515625,5151.1962890625,player,1,0.9232116937637329
46,16,665.0,534.0,7082.6201171875,4453.599609375,player,1,0.9095959067344666
46,19,421.0,400.0,6311.7099609375,1857.958251953125,player,1,0.8978742361068726
46,20,1080.5,427.0,9263.7646484375,3219.892822265625,player,0,0.8897363543510437
46,22,1365.5,625.0,9075.0546875,6058.421875,player,1,0.8959961533546448
46,23,1316.0,593.0,9085.490234375,5726.65966796875,player,0,0.9289202690124512
46,18,1526.0,431.0,11317.56640625,3835.0263671875,goalkeeper,0,0.9222661256790161
46,10,1665.0,738.0,9377.9677734375,7095.07080078125,referee,-1,0.9159055948257446
46,17,844.5,471.0,7966.5205078125,3731.226318359375,referee,-1,0.9093677401542664
46,21,301.0,339.0,5713.45556640625,-3.0477733612060547,referee,-1,0.8421022891998291
47,-1,949.0,622.0,7782.98291015625,5661.4814453125,ball,-1,0.7743648886680603
47,0,355.0,714.0,5982.79638671875,5929.177734375,player,0,0.881489098072052
47,1,339.0,705.0,5941.068359375,5849.94140625,player,1,0.8466951251029968
47,2,804.0,690.0,7200.478515625,6098.70849609375,player,1,0.9192844033241272
47,3,341.5,508.0,5940.1826171875,3778.651611328125,player,1,0.8902335166931152
47,4,1062.0,617.0,8150.072265625,5715.60107421875,player,0,0.922023355960846
47,5,945.5,537.0,8067.041015625,4764.0126953125,player,0,0.9092676639556885
47,6,989.5,546.0,8186.8037109375,4915.1669921875,player,1,0.9008582234382629
47,7,670.5,605.0,6960.15185546875,5256.396484375,player,0,0.9055337905883789
47,8,1269.0,526.0,9312.72265625,4954.38623046875,player,0,0.9144264459609985
47,9,663.5,485.0,7184.615234375,3758.565185546875,player,0,0.9064716100692749
47,11,511.5,388.0,6753.15478515625,1672.4368896484375,player,0,0.8950995206832886
47,12,986.0,618.0,7909.85791015625,5657.60498046875,player,1,0.915549635887146
47,13,1348.5,471.0,10059.8369140625,4286.42578125,player,1,0.8854118585586548
47,14,974.0,746.0,7537.96484375,6610.73779296875,player,0,0.9293917417526245
47,15,574.5,606.0,6660.583984375,5182.216796875,player,1,0.9080109000205994
47,16,667.0,536.0,7078.533203125,4479.32080078125,player,1,0.9259997606277466
47,19,420.5,401.0,6300.5419921875,1878.7689208984375,player,1,0.8996796607971191
47,20,1081.0,426.0,9261.5361328125,3197.80078125,player,0,0.8950825333595276
47,22,1361.5,626.0,9047.5341796875,6060.06982421875,player,1,0.8932183980941772
47,23,1316.5,593.0,9076.998046875,5723.939453125,player,0,0.9236225485801697
47,18,1527.0,432.0,11291.8505859375,3849.781494140625,goalkeeper,0,0.9208037853240967
47,10,1663.5,739.0,9359.431640625,7095.84375,referee,-1,0.9266594648361206
47,17,845.0,472.0,7954.865234375,3745.55810546875,referee,-1,0.9181966781616211
47,21,305.5,339.0,5729.23291015625,-0.4033750891685486,referee,-1,0.8665418028831482
48,-1,932.0,625.0,7705.59814453125,5677.5869140625,ball,-1,0.800473690032959
48,0,360.0,715.0,5983.9267578125,5947.1513671875,player,0,0.8691743612289429
48,1,343.5,705.0,5940.8984375,5860.591796875,player,1,0.8609781861305237
48,2,806.0,690.0,7191.52001953125,6104.18115234375,player,1,0.9156729578971863
48,3,344.0,507.0,5929.71826171875,3776.191162109375,player,1,0.9068901538848877
48,4,1065.0,617.0,8142.55615234375,5721.11376953125,player,0,0.9221002459526062
48,5,944.5,536.0,8049.00537109375,4754.96484375,player,0,0.9090938568115234
48,6,990.0,550.0,8153.72314453125,4966.19580078125,player,1,0.9056893587112427
48,7,676.5,607.0,6959.31640625,5287.7236328125,player,0,0.9229633212089539
48,8,1271.5,527.0,9297.1611328125,4970.23876953125,player,0,0.9174250364303589
48,9,664.5,485.0,7168.17578125,3765.793701171875,player,0,0.9119318127632141
48,11,511.5,388.0,6726.81005859375,1673.984130859375,player,0,0.8890695571899414
48,12,989.5,623.0,7888.017578125,5709.310546875,player,1,0.9256567358970642
48,13,1348.0,472.0,10030.705078125,4299.99462890625,player,1,0.8940610885620117
48,14,976.0,746.0,7529.046875,6613.7138671875,player,0,0.9325684309005737
48,15,577.0,609.0,6649.021484375,5221.35693359375,player,1,0.9116377830505371
48,16,668.0,536.0,7063.63623046875,4487.09130859375,player,1,0.9274867177009583
48,19,420.0,402.0,6271.24560546875,1905.8297119140625,player,1,0.8976228833198547
48,20,1082.0,429.0,9222.5,3256.151123046875,player,0,0.8962258100509644
48,22,1360.5,625.0,9032.1328125,6051.009765625,player,1,0.9098296165466309
48,23,1316.0,594.0,9052.21875,5733.81591796875,player,0,0.9030233025550842
48,18,1529.0,433.0,11273.140625,3864.812744140625,goalkeeper,0,0.9206508994102478
48,10,1662.5,738.0,9344.5595703125,7085.79541015625,referee,-1,0.936989963054657
48,17,845.5,473.0,7932.29150390625,3766.21142578125,referee,-1,0.9286195635795593
48,21,309.0,340.0,5715.423828125,33.11577606201172,referee,-1,0.8646103739738464
49,-1,913.0,629.0,7630.58984375,5693.5322265625,ball,-1,0.8277062177658081
49,0,367.0,717.0,5997.49853515625,5965.2880859375,player,0,0.8723558783531189
49,1,347.5,706.0,5946.93603515625,5869.5322265625,player,1,0.8685343861579895
49,2,807.5,690.0,7190.41259765625,6102.39599609375,player,1,0.9139452576637268
49,3,347.0,507.0,5934.64306640625,3777.569091796875,player,1,0.9108283519744873
49,4,1068.0,617.0,8145.4189453125,5719.78515625,player,0,0.919641375541687
49,5,943.5,536.0,8038.2041015625,4750.3642578125,player,0,0.9092745780944824
49,6,991.0,551.0,8145.97802734375,4974.9365234375,player,1,0.9145873785018921
49,7,680.0,608.0,6962.84228515625,5297.908203125,player,0,0.9185781478881836
49,8,1273.5,526.0,9302.63671875,4955.1025390625,player,0,0.9179266095161438
49,9,666.0,484.0,7169.5087890625,3749.123046875,player,0,0.9146215319633484
49,11,510.0,389.0,6709.21533203125,1695.54443359375,player,0,0.8966103196144104
49,12,994.0,625.0,7889.27197265625,5727.35546875,player,1,0.935459554195404
49,13,1347.5,471.0,10027.2978515625,4278.84130859375,player,1,0.9174643754959106
49,14,977.5,749.0,7521.35498046875,6629.92578125,player,0,0.9315791726112366
49,15,579.0,611.0,6647.45166015625,5240.4208984375,player,1,0.8863537907600403
49,16,670.0,537.0,7062.20361328125,4499.02880859375,player,1,0.9242130517959595
49,19,418.0,403.0,6253.47509765625,1925.4849853515625,player,1,0.8904311656951904
49,20,1082.5,429.0,9214.74609375,3252.68798828125,player,0,0.902959942817688
49,22,1359.0,626.0,9015.0322265625,6053.13232421875,player,1,0.9078481793403625
49,23,1315.0,594.0,9041.294921875,5727.9736328125,player,0,0.8886605501174927
49,18,1531.0,433.0,11269.587890625,3861.138427734375,goalkeeper,0,0.9198420643806458
49,10,1663.5,738.0,9340.39453125,7080.9287109375,referee,-1,0.9258735775947571
49,17,845.5,473.0,7924.388671875,3762.98486328125,referee,-1,0.9206602573394775
49,21,312.0,339.0,5722.3876953125,2.855382204055786,referee,-1,0.8534281253814697
50,-1,896.0,633.5,7555.8798828125,5719.755859375,ball,-1,0.7966935634613037
50,0,371.5,718.0,6001.8955078125,5979.56298828125,player,0,0.8347439169883728
50,1,350.0,707.0,5946.4326171875,5882.7255859375,player,1,0.82662433385849
50,2,809.0,695.0,7175.5107421875,6142.1669921875,player,1,0.9079177379608154
50,3,349.0,507.0,5932.81298828125,3785.861083984375,player,1,0.9058800935745239
50,4,1071.0,616.0,8145.912109375,5713.29541015625,player,0,0.9238855242729187
50,5,944.5,536.0,8027.71826171875,4751.61376953125,player,0,0.9109954237937927
50,6,991.5,552.0,8129.78564453125,4986.90869140625,player,1,0.9300280213356018
50,7,682.5,608.0,6959.89697265625,5302.27099609375,player,0,0.8963928818702698
50,8,1276.0,526.0,9296.3681640625,4955.1943359375,player,0,0.9195865392684937
50,9,667.0,485.0,7157.4208984375,3769.08984375,player,0,0.9182847142219543
50,11,508.5,389.0,6687.30224609375,1703.3970947265625,player,0,0.8896406888961792
50,12,998.0,627.0,7883.14794921875,5748.9296875,player,1,0.9282546043395996
50,13,1347.0,471.0,10007.216796875,4274.2861328125,player,1,0.9148313403129578
50,14,978.0,752.0,7506.4140625,6650.0908203125,player,0,0.9269930720329285
50,15,582.0,610.0,6647.87109375,5236.02001953125,player,1,0.8805388808250427
50,16,672.5,536.0,7060.994140625,4491.34912109375,player,1,0.9235947132110596
50,19,416.5,402.0,6234.78515625,1910.738525390625,player,1,0.88470858335495
50,20,1082.0,429.0,9193.0849609375,3250.820556640625,player,0,0.9021583199501038
50,22,1359.0,625.0,9007.1708984375,6043.32373046875,player,1,0.9175553917884827
50,23,1311.0,594.0,9014.4541015625,5722.69775390625,player,0,0.8931667804718018
50,18,1533.5,433.0,11261.791015625,3857.18505859375,goalkeeper,0,0.9246912002563477
50,10,1664.5,739.0,9327.494140625,7086.88818359375,referee,-1,0.933327853679657
50,17,845.0,473.0,7906.79052734375,3763.87939453125,referee,-1,0.9091388583183289
50,21,316.0,339.0,5732.509765625,27.855863571166992,referee,-1,0.8452670574188232
51,-1,878.0,638.5,7486.35986328125,5742.7861328125,ball,-1,0.8236140012741089
51,0,377.0,718.0,6012.8076171875,5980.962890625,player,0,0.8846877217292786
51,1,354.0,712.0,5953.60693359375,5920.3623046875,player,1,0.872490406036377
51,2,810.0,700.0,7167.109375,6174.14501953125,player,1,0.9190715551376343
51,3,351.0,507.0,5932.3408203125,3788.722412109375,player,1,0.9042721390724182
51,4,1074.5,616.0,8153.82080078125,5709.61328125,player,0,0.9259806871414185
51,5,945.5,537.0,8021.73779296875,4759.6083984375,player,0,0.9160553216934204
51,6,993.0,552.0,8130.0400390625,4982.53076171875,player,1,0.91826331615448
51,7,686.0,608.0,6966.2802734375,5301.443359375,player,0,0.8892486691474915
51,8,1277.5,526.0,9297.2333984375,4948.5390625,player,0,0.9265845417976379
51,9,669.0,486.0,7154.6533203125,3785.029541015625,player,0,0.9197791814804077
51,11,508.5,387.0,6678.3046875,1658.5250244140625,player,0,0.9031803607940674
51,12,1003.0,627.0,7895.37548828125,5746.95703125,player,1,0.9308581352233887
51,13,1345.5,470.0,10003.162109375,4248.681640625,player,1,0.9158219695091248
51,14,977.5,754.0,7500.05810546875,6655.7490234375,player,0,0.9309995174407959
51,15,586.5,610.0,6657.00390625,5236.73681640625,player,1,0.9000714421272278
51,16,674.5,536.0,7061.685546875,4490.43701171875,player,1,0.9219258427619934
51,19,416.5,401.0,6223.5361328125,1892.6427001953125,player,1,0.8877481818199158
51,20,1082.5,429.0,9185.5400390625,3246.623779296875,player,0,0.9084687829017639
51,22,1358.5,628.0,8988.86328125,6059.43701171875,player,1,0.9240646362304688
51,23,1311.5,594.0,9013.4931640625,5714.6728515625,player,0,0.9056172966957092
51,18,1535.0,432.0,11274.138671875,3830.505859375,goalkeeper,0,0.9139289855957031
51,10,1665.0,740.0,9325.7451171875,7083.0498046875,referee,-1,0.9428496956825256
51,17,844.0,473.0,7894.49853515625,3759.66162109375,referee,-1,0.8906670808792114
51,21,319.5,339.0,5736.38330078125,45.55593490600586,referee,-1,0.8508135676383972
52,-1,861.5,640.0,7434.4677734375,5740.57177734375,ball,-1,0.8098798990249634
52,0,382.0,717.0,6023.9375,5978.83251953125,player,0,0.9105820655822754
52,1,355.5,708.0,5955.21240234375,5893.30078125,player,1,0.9060690999031067
52,2,813.0,703.0,7171.376953125,6197.2490234375,player,1,0.9091367125511169
52,3,353.0,507.0,5933.35693359375,3790.374755859375,player,1,0.9110994935035706
52,4,1076.5,617.0,8157.5322265625,5717.515625,player,0,0.9222903847694397
52,5,946.5,537.0,8023.9677734375,4758.259765625,player,0,0.9201602935791016
52,6,992.5,552.0,8127.5048828125,4979.494140625,player,1,0.9149946570396423
52,7,690.5,607.0,6980.95068359375,5294.5849609375,player,0,0.8914920687675476
52,8,1279.5,525.0,9309.4912109375,4934.10791015625,player,0,0.9166123270988464
52,9,670.5,485.0,7158.8408203125,3770.094482421875,player,0,0.9138168096542358
52,11,508.5,386.0,6670.81005859375,1634.6534423828125,player,0,0.9034841060638428
52,12,1007.0,627.0,7908.7099609375,5747.9296875,player,1,0.9279816746711731
52,13,1343.5,471.0,9980.2314453125,4258.25341796875,player,1,0.9021549820899963
52,14,977.5,758.0,7494.83203125,6678.77392578125,player,0,0.9288915991783142
52,15,589.5,612.0,6662.30810546875,5258.396484375,player,1,0.9066576957702637
52,16,676.5,536.0,7066.10595703125,4491.18701171875,player,1,0.9342920780181885
52,19,416.0,402.0,6211.22314453125,1916.012451171875,player,1,0.8986904621124268
52,20,1083.0,429.0,9181.2958984375,3246.263916015625,player,0,0.91034334897995
52,22,1358.5,629.0,8985.6240234375,6063.18408203125,player,1,0.9228821992874146
52,23,1311.5,594.0,9014.2197265625,5710.2060546875,player,0,0.9096227884292603
52,18,1536.0,432.0,11267.3671875,3828.302001953125,goalkeeper,0,0.9063027501106262
52,10,1666.0,740.0,9332.7333984375,7078.00537109375,referee,-1,0.9486760497093201
52,17,844.0,472.0,7894.78564453125,3742.2275390625,referee,-1,0.8880642652511597
52,21,323.0,339.0,5741.71923828125,52.432376861572266,referee,-1,0.8531838655471802
53,-1,844.5,640.0,7369.69287109375,5726.458984375,ball,-1,0.7875478267669678
53,0,385.5,717.0,6024.55517578125,5980.76513671875,player,0,0.9032798409461975
53,1,357.5,708.0,5952.18603515625,5894.39990234375,player,1,0.9205653071403503
53,2,813.5,704.0,7158.0400390625,6203.5419921875,player,1,0.9127219319343567
53,3,354.5,508.0,5926.43115234375,3808.611083984375,player,1,0.9207807183265686
53,4,1078.5,618.0,8143.52001953125,5727.923828125,player,0,0.9214298725128174
53,5,946.0,537.0,8005.3251953125,4758.3173828125,player,0,0.9219947457313538
53,6,992.5,553.0,8106.57861328125,4991.37255859375,player,1,0.9023247957229614
53,7,695.0,609.0,6978.123046875,5318.5126953125,player,0,0.9045789837837219
53,8,1280.0,525.0,9292.4638671875,4934.4033203125,player,0,0.9152400493621826
53,9,672.0,484.0,7151.267578125,3756.927978515625,player,0,0.9102585911750793
53,11,509.0,387.0,6653.38720703125,1657.23681640625,player,0,0.8971382975578308
53,12,1009.0,626.0,7902.0517578125,5740.46533203125,player,1,0.9175499677658081
53,13,1341.0,471.0,9950.6875,4254.36669921875,player,1,0.8986518979072571
53,14,978.5,759.0,7481.59814453125,6682.9169921875,player,0,0.9419962763786316
53,15,590.0,611.0,6652.58349609375,5249.849609375,player,1,0.8878232836723328
53,16,678.0,536.0,7056.6279296875,4493.80615234375,player,1,0.9373696446418762
53,19,416.0,400.0,6195.31396484375,1867.6392822265625,player,1,0.9041461944580078
53,20,1084.0,429.0,9167.4951171875,3245.09619140625,player,0,0.9158703684806824
53,22,1356.5,630.0,8955.9150390625,6068.88623046875,player,1,0.9136657118797302
53,23,1311.0,594.0,8993.966796875,5709.298828125,player,0,0.9210419654846191
53,18,1535.0,432.0,11245.0966796875,3823.89990234375,goalkeeper,0,0.9080520868301392
53,10,1667.0,741.0,9311.0888671875,7081.28515625,referee,-1,0.949417233467102
53,17,845.0,473.0,7877.42041015625,3759.51025390625,referee,-1,0.8857612609863281
53,21,325.0,339.0,5732.44091796875,46.60614776611328,referee,-1,0.8382816910743713
54,-1,830.0,640.0,7317.6484375,5708.69970703125,ball,-1,0.7911515235900879
54,0,394.0,716.0,6035.84814453125,5977.1298828125,player,0,0.9161509871482849
54,1,362.5,708.0,5954.3076171875,5895.70849609375,player,1,0.8931033611297607
54,2,813.5,705.0,7147.94287109375,6205.21240234375,player,1,0.9072004556655884
54,3,357.0,508.0,5921.56591796875,3811.054931640625,player,1,0.9155582189559937
54,4,1083.0,618.0,8149.81884765625,5723.6337890625,player,0,0.915874183177948
54,5,946.0,536.0,7998.82568359375,4738.86962890625,player,0,0.917146623134613
54,6,992.5,551.0,8104.84423828125,4960.705078125,player,1,0.8890563249588013
54,7,700.0,613.0,6976.4814453125,5356.4326171875,player,0,0.8997069001197815
54,8,1280.5,525.0,9286.3046875,4924.0283203125,player,0,0.9070682525634766
54,9,673.0,484.0,7141.75341796875,3754.65966796875,player,0,0.9103391766548157
54,11,509.0,387.0,6635.8857421875,1661.947021484375,player,0,0.887698233127594
54,12,1009.0,626.0,7893.91748046875,5733.0146484375,player,1,0.9306069016456604
54,13,1340.5,470.0,9948.17578125,4226.4306640625,player,1,0.8906577229499817
54,14,979.5,761.0,7473.32861328125,6689.52880859375,player,0,0.9345450401306152
54,15,589.0,614.0,6635.25244140625,5274.25634765625,player,1,0.9060332179069519
54,16,678.0,536.0,7044.61083984375,4489.54443359375,player,1,0.9379785656929016
54,19,417.0,401.0,6182.5576171875,1897.4697265625,player,1,0.9056580662727356
54,20,1086.0,429.0,9163.3671875,3239.44482421875,player,0,0.9247820973396301
54,22,1354.5,631.0,8939.5634765625,6065.345703125,player,1,0.9071712493896484
54,23,1309.0,593.0,8986.3955078125,5687.673828125,player,0,0.9223148226737976
54,18,1536.0,432.0,11240.8330078125,3810.0712890625,goalkeeper,0,0.9146615266799927
54,10,1665.5,741.0,9305.740234375,7069.92626953125,referee,-1,0.9384838938713074
54,17,846.0,475.0,7860.3662109375,3787.2158203125,referee,-1,0.9047585129737854
54,21,328.0,339.0,5729.712890625,65.77389526367188,referee,-1,0.8571103811264038
55,-1,814.0,641.0,7262.00732421875,5705.2001953125,ball,-1,0.7950841188430786
55,0,400.0,716.0,6047.14892578125,5983.927734375,player,0,0.9229709506034851
55,1,365.5,707.0,5957.88720703125,5893.052734375,player,1,0.9247066974639893
55,2,814.0,705.0,7143.97900390625,6206.4482421875,player,1,0.9170693755149841
55,3,358.5,509.0,5920.13525390625,3829.77685546875,player,1,0.9091735482215881
55,4,1087.5,619.0,8152.6220703125,5735.93212890625,player,0,0.923917293548584
55,5,946.0,536.0,7990.05126953125,4738.94091796875,player,0,0.9032573699951172
55,6,993.5,551.0,8099.703125,4961.4765625,player,1,0.9051601886749268
55,7,705.0,615.0,6982.2744140625,5380.9033203125,player,0,0.9056565761566162
55,8,1280.5,525.0,9275.3232421875,4922.3681640625,player,0,0.9036887288093567
55,9,675.5,486.0,7137.892578125,3789.605712890625,player,0,0.9166629314422607
55,11,508.5,387.0,6622.47998046875,1664.0263671875,player,0,0.8841694593429565
55,12,1010.0,627.0,7886.70263671875,5742.56787109375,player,1,0.9329224228858948
55,13,1339.0,470.0,9928.2978515625,4222.765625,player,1,0.8802629113197327
55,14,981.5,764.0,7467.25,6708.99853515625,player,0,0.9379346370697021
55,15,589.0,615.0,6628.2958984375,5285.63037109375,player,1,0.9239307045936584
55,16,678.5,536.0,7038.7861328125,4491.34375,player,1,0.9330340623855591
55,19,418.0,403.0,6176.24853515625,1948.113037109375,player,1,0.909357488155365
55,20,1087.0,429.0,9154.734375,3240.022216796875,player,0,0.9121899008750916
55,22,1353.5,632.0,8923.0498046875,6071.09912109375,player,1,0.9107677340507507
55,23,1307.5,593.0,8972.2119140625,5684.7255859375,player,0,0.9240047931671143
55,18,1537.5,432.0,11230.599609375,3808.55810546875,goalkeeper,0,0.9091176986694336
55,10,1666.0,741.0,9299.251953125,7067.62158203125,referee,-1,0.9346538186073303
55,17,846.5,475.0,7852.47802734375,3788.32861328125,referee,-1,0.8972566723823547
55,21,331.5,338.0,5736.14794921875,40.62437057495117,referee,-1,0.8737392425537109
56,-1,798.5,642.5,7209.4287109375,5705.6904296875,ball,-1,0.8495628237724304
56,0,407.5,713.0,6065.8251953125,5968.02099609375,player,0,0.9176247715950012
56,1,371.5,707.0,5972.62939453125,5897.9794921875,player,1,0.9166523218154907
56,2,815.5,706.0,7143.44580078125,6214.45263671875,player,1,0.916790783405304
56,3,361.5,510.0,5926.6943359375,3848.831298828125,player,1,0.9155272245407104
56,4,1091.5,618.0,8163.12548828125,5729.70654296875,player,0,0.9212297797203064
56,5,944.5,536.0,7977.65185546875,4737.31494140625,player,0,0.8931897878646851
56,6,995.0,551.0,8098.12646484375,4962.48388671875,player,1,0.9106618165969849
56,7,712.0,617.0,6996.34716796875,5405.8544921875,player,0,0.9136783480644226
56,8,1281.0,526.0,9262.0498046875,4933.9697265625,player,0,0.9190273880958557
56,9,677.0,486.0,7136.5966796875,3791.83935546875,player,0,0.9259650111198425
56,11,508.5,388.0,6611.00048828125,1691.0546875,player,0,0.8775755763053894
56,12,1011.0,630.0,7875.41259765625,5769.27734375,player,1,0.9425766468048096
56,13,1337.5,470.0,9911.27734375,4219.4765625,player,1,0.8727578520774841
56,14,983.5,767.0,7463.69189453125,6727.45263671875,player,0,0.9373247027397156
56,15,589.5,618.0,6623.2578125,5315.32666015625,player,1,0.9277974367141724
56,16,678.0,536.0,7031.3271484375,4491.462890625,player,1,0.9232504367828369
56,19,419.0,403.0,6172.4775390625,1951.710205078125,player,1,0.9103830456733704
56,20,1088.5,429.0,9150.2255859375,3240.68310546875,player,0,0.9094705581665039
56,22,1354.0,632.0,8918.4365234375,6070.4208984375,player,1,0.91237473487854
56,23,1308.0,593.0,8966.9599609375,5684.0947265625,player,0,0.9160569906234741
56,18,1538.5,433.0,11209.9169921875,3824.87646484375,goalkeeper,0,0.9123297929763794
56,10,1665.0,742.0,9287.0244140625,7071.1611328125,referee,-1,0.9263088703155518
56,17,847.0,476.0,7842.029296875,3804.855712890625,referee,-1,0.9121090173721313
56,21,335.0,338.0,5744.5361328125,48.78610610961914,referee,-1,0.8587886691093445
57,-1,782.5,646.0,7140.75146484375,5723.7861328125,ball,-1,0.8308936953544617
57,0,413.5,712.0,6064.89013671875,5966.81689453125,player,0,0.9167513847351074
57,1,376.0,707.0,5967.5478515625,5903.03955078125,player,1,0.9233472347259521
57,2,817.0,707.0,7131.02587890625,6223.77978515625,player,1,0.9290510416030884
57,3,364.0,509.0,5915.9404296875,3835.86669921875,player,1,0.9172765612602234
57,4,1096.0,618.0,8163.5380859375,5733.587890625,player,0,0.9229912757873535
57,5,944.0,536.0,7961.2470703125,4736.01318359375,player,0,0.8866525292396545
57,6,996.5,552.0,8085.2001953125,4974.76123046875,player,1,0.9130420088768005
57,7,713.0,616.0,6985.2607421875,5397.89306640625,player,0,0.9267414808273315
57,8,1282.5,525.0,9262.1416015625,4921.56787109375,player,0,0.9138076305389404
57,9,679.0,486.0,7127.28076171875,3791.966552734375,player,0,0.913887083530426
57,11,508.5,388.0,6590.32958984375,1683.9085693359375,player,0,0.8699570894241333
57,12,1012.0,633.0,7855.216796875,5796.5419921875,player,1,0.9379567503929138
57,13,1338.5,470.0,9904.6689453125,4217.41943359375,player,1,0.8862295150756836
57,14,982.5,769.0,7443.44384765625,6739.49072265625,player,0,0.9336651563644409
57,15,590.5,622.0,6605.68896484375,5354.95947265625,player,1,0.9219852089881897
57,16,679.0,537.0,7016.23095703125,4504.51171875,player,1,0.9201624989509583
57,19,419.0,404.0,6150.4716796875,1968.9578857421875,player,1,0.9036612510681152
57,20,1090.0,429.0,9144.3466796875,3237.74462890625,player,0,0.8947628736495972
57,22,1353.0,633.0,8898.251953125,6077.67578125,player,1,0.9107319116592407
57,23,1308.5,594.0,8951.0400390625,5693.5556640625,player,0,0.9021267890930176
57,18,1539.5,433.0,11206.763671875,3821.16162109375,goalkeeper,0,0.9173169732093811
57,10,1665.5,742.0,9276.876953125,7071.29833984375,referee,-1,0.915285587310791
57,17,848.0,477.0,7826.5146484375,3819.3798828125,referee,-1,0.9190683364868164
57,21,338.0,339.0,5736.30078125,72.82257843017578,referee,-1,0.8372182846069336
58,-1,767.5,648.5,7083.6162109375,5730.0703125,ball,-1,0.7663800716400146
58,0,420.5,708.0,6075.78662109375,5939.2646484375,player,0,0.9023258686065674
58,1,381.5,706.0,5974.099609375,5896.345703125,player,1,0.9236705899238586
58,2,817.5,711.0,7117.6044921875,6249.08984375,player,1,0.935177206993103
58,3,366.5,510.0,5914.7705078125,3850.31591796875,player,1,0.9302706122398376
58,4,1100.0,619.0,8162.70556640625,5742.82666015625,player,0,0.931167721748352
58,5,944.5,536.0,7951.91845703125,4733.607421875,player,0,0.89628666639328
58,6,997.5,554.0,8070.03466796875,4995.64404296875,player,1,0.9183321595191956
58,7,713.5,617.0,6975.83984375,5404.6884765625,player,0,0.9272311329841614
58,8,1283.5,526.0,9247.5859375,4931.93505859375,player,0,0.9191610813140869
58,9,681.5,485.0,7127.662109375,3776.57177734375,player,0,0.9215221405029297
58,11,507.0,388.0,6568.91064453125,1682.0487060546875,player,0,0.8744116425514221
58,12,1011.5,635.0,7838.30810546875,5810.2802734375,player,1,0.9315979480743408
58,13,1338.5,470.0,9891.1103515625,4214.734375,player,1,0.913016676902771
58,14,980.0,771.0,7425.80322265625,6746.31103515625,player,0,0.9280729293823242
58,15,590.5,623.0,6595.642578125,5361.28857421875,player,1,0.9268250465393066
58,16,680.0,537.0,7009.1162109375,4502.658203125,player,1,0.9190047979354858
58,19,418.0,404.0,6132.7197265625,1967.3831787109375,player,1,0.897721529006958
58,20,1091.0,429.0,9134.2548828125,3236.797607421875,player,0,0.8948569297790527
58,22,1352.0,633.0,8885.6171875,6073.78955078125,player,1,0.8997812867164612
58,23,1307.0,594.0,8935.849609375,5689.18701171875,player,0,0.8952428102493286
58,18,1540.5,433.0,11196.2392578125,3819.7705078125,goalkeeper,0,0.9186729788780212
58,10,1666.5,743.0,9266.9404296875,7074.89892578125,referee,-1,0.914108395576477
58,17,848.5,477.0,7816.078125,3817.485595703125,referee,-1,0.8993980288505554
58,21,341.5,339.0,5740.529296875,79.5306625366211,referee,-1,0.8516693711280823
59,-1,752.5,652.0,7029.2607421875,5747.498046875,ball,-1,0.8511377573013306
59,0,427.0,706.0,6088.78515625,5931.5771484375,player,0,0.8962490558624268
59,1,389.0,701.0,5989.34130859375,5866.8876953125,player,1,0.9122588634490967
59,2,817.0,717.0,7102.763671875,6289.982421875,player,1,0.9282016754150391
59,3,369.5,509.0,5916.732421875,3839.823486328125,player,1,0.9208449125289917
59,4,1103.0,618.0,8169.94287109375,5732.84814453125,player,0,0.924978494644165
59,5,945.0,536.0,7946.09765625,4730.7900390625,player,0,0.9095640182495117
59,6,998.5,555.0,8062.4697265625,5004.47900390625,player,1,0.9188762903213501
59,7,716.5,619.0,6976.1005859375,5425.6318359375,player,0,0.9054349064826965
59,8,1285.0,525.0,9251.1728515625,4914.41845703125,player,0,0.9194968342781067
59,9,683.0,485.0,7124.4091796875,3776.248779296875,player,0,0.9222988486289978
59,11,505.5,387.0,6549.673828125,1652.8262939453125,player,0,0.8690972328186035
59,12,1010.5,635.0,7829.958984375,5806.93017578125,player,1,0.9178844094276428
59,13,1339.0,471.0,9873.7333984375,4222.349609375,player,1,0.9183018207550049
59,14,976.5,773.0,7410.3310546875,6754.4345703125,player,0,0.9159625768661499
59,15,593.0,623.0,6597.55126953125,5363.95849609375,player,1,0.9300937056541443
59,16,681.5,538.0,7004.91064453125,4515.626953125,player,1,0.9065573215484619
59,19,418.5,404.0,6122.1953125,1966.631591796875,player,1,0.8895268440246582
59,20,1092.0,429.0,9127.1611328125,3231.035888671875,player,0,0.8630134463310242
59,22,1353.0,634.0,8878.107421875,6077.443359375,player,1,0.9176374077796936
59,23,1306.5,594.0,8927.53515625,5683.1142578125,player,0,0.8991751074790955
59,18,1542.0,433.0,11189.638671875,3809.84375,goalkeeper,0,0.9092402458190918
59,10,1667.5,745.0,9256.0283203125,7080.3623046875,referee,-1,0.9171808958053589
59,17,848.0,477.0,7804.6748046875,3813.558837890625,referee,-1,0.9082155227661133
59,21,345.5,338.0,5744.67578125,47.82794189453125,referee,-1,0.8486417531967163
60,-1,738.0,654.0,6972.2275390625,5753.21484375,ball,-1,0.7848927974700928
60,0,431.5,704.0,6089.3681640625,5922.5673828125,player,0,0.8871715664863586
60,1,398.0,697.0,6001.412109375,5846.06689453125,player,1,0.9084175229072571
60,2,813.5,718.0,7081.91357421875,6293.09423828125,player,1,0.8912746906280518
60,3,371.5,509.0,5905.78662109375,3850.82958984375,player,1,0.9158089756965637
60,4,1106.5,618.0,8169.68798828125,5732.0537109375,player,0,0.9232959151268005
60,5,946.0,536.0,7934.54296875,4730.78759765625,player,0,0.914368748664856
60,6,1000.5,555.0,8055.3935546875,5004.3369140625,player,1,0.9193915724754333
60,7,722.0,623.0,6973.26416015625,5468.17431640625,player,0,0.9047428369522095
60,8,1287.0,525.0,9245.9091796875,4910.36083984375,player,0,0.922589898109436
60,9,685.5,485.0,7115.27587890625,3783.2978515625,player,0,0.9246883392333984
60,11,507.0,386.0,6532.384765625,1643.9481201171875,player,0,0.8722409605979919
60,12,1011.5,635.0,7821.6962890625,5805.046875,player,1,0.9278513789176941
60,13,1338.0,471.0,9855.02734375,4214.2939453125,player,1,0.9254986643791199
60,14,973.5,773.0,7394.7373046875,6749.45654296875,player,0,0.9224488735198975
60,15,595.0,623.0,6590.1318359375,5367.87646484375,player,1,0.9164708256721497
60,16,683.5,539.0,6993.7119140625,4532.96435546875,player,1,0.9091681241989136
60,19,419.0,404.0,6099.9638671875,1982.403564453125,player,1,0.8857361078262329
60,20,1093.0,429.0,9112.1015625,3230.166015625,player,0,0.8792159557342529
60,22,1352.5,634.0,8867.703125,6070.58642578125,player,1,0.9085505604743958
60,23,1305.0,594.0,8912.2607421875,5675.7724609375,player,0,0.9122427105903625
60,18,1544.5,433.0,11188.5224609375,3801.20947265625,goalkeeper,0,0.9280406832695007
60,10,1668.5,746.0,9249.9658203125,7078.109375,referee,-1,0.9239305257797241
60,17,847.5,477.0,7784.0390625,3814.945556640625,referee,-1,0.9272553324699402
60,21,349.0,338.0,5733.68017578125,77.67720794677734,referee,-1,0.8387831449508667
61,-1,726.0,654.0,6922.69970703125,5742.3955078125,ball,-1,0.7813327312469482
61,0,438.5,702.0,6095.6640625,5910.98095703125,player,0,0.899596631526947
61,1,406.5,697.0,6011.5888671875,5850.62890625,player,1,0.9025894999504089
61,2,811.0,718.0,7060.71630859375,6288.47998046875,player,1,0.9220820069313049
61,3,374.0,508.0,5897.28271484375,3835.218994140625,player,1,0.9169683456420898
61,4,1109.5,619.0,8156.8017578125,5741.380859375,player,0,0.9277104139328003
61,5,946.5,536.0,7918.22119140625,4729.61474609375,player,0,0.923366904258728
61,6,1001.0,556.0,8034.9853515625,5014.62060546875,player,1,0.9078631401062012
61,7,730.5,625.0,6980.30078125,5491.92431640625,player,0,0.9093848466873169
61,8,1289.5,525.0,9234.05859375,4910.96484375,player,0,0.9265174865722656
61,9,687.5,485.0,7105.27099609375,3781.70458984375,player,0,0.9180664420127869
61,11,507.5,385.0,6514.45654296875,1602.861083984375,player,0,0.887651264667511
61,12,1011.5,635.0,7804.2119140625,5802.96875,player,1,0.9276732802391052
61,13,1338.5,471.0,9835.591796875,4212.37939453125,player,1,0.926690399646759
61,14,974.0,773.0,7380.62939453125,6745.2822265625,player,0,0.931702733039856
61,15,596.5,624.0,6578.96533203125,5377.19482421875,player,1,0.885434091091156
61,16,686.0,540.0,6983.83984375,4545.9228515625,player,1,0.9022701978683472
61,19,420.0,404.0,6082.6201171875,1969.7872314453125,player,1,0.89375239610672
61,20,1094.0,428.0,9105.412109375,3206.52099609375,player,0,0.8822517991065979
61,22,1352.5,635.0,8841.7646484375,6075.7666015625,player,1,0.9324765205383301
61,23,1305.0,594.0,8891.197265625,5673.5244140625,player,0,0.9105668663978577
61,18,1547.5,433.0,11179.4931640625,3801.3310546875,goalkeeper,0,0.9210931658744812
61,10,1670.0,746.0,9229.828125,7072.103515625,referee,-1,0.9287578463554382
61,17,846.0,478.0,7755.92431640625,3825.915771484375,referee,-1,0.8883100152015686
61,21,353.0,338.0,5727.50927734375,49.19819641113281,referee,-1,0.8581368923187256
62,-1,712.5,655.0,6869.93994140625,5732.603515625,ball,-1,0.7917172908782959
62,0,443.0,702.0,6093.90625,5907.86083984375,player,0,0.867695689201355
62,1,412.0,696.0,6012.2822265625,5840.6689453125,player,1,0.8826180696487427
62,2,809.5,717.0,7047.875,6273.37109375,player,1,0.9170423150062561
62,3,375.5,508.0,5884.23046875,3831.968505859375,player,1,0.9155905842781067
62,4,1112.5,619.0,8156.6669921875,5733.6591796875,player,0,0.9247856736183167
62,5,947.0,535.0,7909.3828125,4707.41015625,player,0,0.9192838072776794
62,6,1000.0,554.0,8026.1435546875,4980.3857421875,player,1,0.8907454013824463
62,7,738.0,628.0,6984.93994140625,5516.8779296875,player,0,0.9226396083831787
62,8,1292.5,526.0,9228.20703125,4913.140625,player,0,0.917241096496582
62,9,689.5,485.0,7094.4453125,3776.375244140625,player,0,0.9195273518562317
62,11,509.0,384.0,6498.357421875,1583.357666015625,player,0,0.8984072208404541
62,12,1012.0,635.0,7795.52392578125,5793.935546875,player,1,0.932339608669281
62,13,1335.5,471.0,9809.5390625,4195.25732421875,player,1,0.8819968700408936
62,14,974.0,772.0,7374.60595703125,6733.11474609375,player,0,0.9276748895645142
62,15,598.0,626.0,6567.390625,5389.3369140625,player,1,0.896208643913269
62,16,688.0,541.0,6972.76708984375,4551.841796875,player,1,0.8955403566360474
62,19,422.0,403.0,6069.080078125,1951.8690185546875,player,1,0.891074001789093
62,20,1096.0,428.0,9094.6796875,3198.2373046875,player,0,0.88503098487854
62,22,1351.5,635.0,8832.8583984375,6064.30419921875,player,1,0.9375936388969421
62,23,1306.5,595.0,8883.396484375,5672.748046875,player,0,0.9166402816772461
62,18,1549.5,433.0,11176.220703125,3786.92333984375,goalkeeper,0,0.9288501143455505
62,10,1671.0,747.0,9228.8896484375,7070.62744140625,referee,-1,0.9325682520866394
62,17,847.0,477.0,7745.56494140625,3802.269287109375,referee,-1,0.9028014540672302
62,21,356.5,337.0,5719.85693359375,39.298160552978516,referee,-1,0.8614230155944824
63,-1,700.0,655.0,6828.60888671875,5716.244140625,ball,-1,0.8431168794631958
63,0,447.5,702.0,6100.888671875,5904.130859375,player,0,0.8644593358039856
63,1,419.5,696.0,6027.44775390625,5838.7548828125,player,1,0.8782424330711365
63,2,809.5,717.0,7041.7822265625,6268.73681640625,player,1,0.9290456771850586
63,3,377.5,508.0,5888.86181640625,3819.001220703125,player,1,0.922411322593689
63,4,1115.0,620.0,8153.9052734375,5739.046875,player,0,0.9240698218345642
63,5,948.0,535.0,7907.158203125,4698.8251953125,player,0,0.9155298471450806
63,6,999.0,554.0,8016.46435546875,4971.072265625,player,1,0.9057762026786804
63,7,743.0,628.0,6994.59765625,5513.26708984375,player,0,0.9165935516357422
63,8,1295.5,526.0,9231.53125,4908.56103515625,player,0,0.9222153425216675
63,9,691.0,485.0,7096.33349609375,3764.26416015625,player,0,0.9202535152435303
63,11,510.0,383.0,6503.4111328125,1537.698974609375,player,0,0.8992928266525269
63,12,1012.0,635.0,7788.994140625,5788.18310546875,player,1,0.9388439059257507
63,13,1335.0,472.0,9790.34375,4201.1552734375,player,1,0.8686619997024536
63,14,975.5,773.0,7369.64111328125,6737.35498046875,player,0,0.9342201948165894
63,15,599.5,629.0,6564.2392578125,5409.892578125,player,1,0.9097346663475037
63,16,690.5,541.0,6976.99462890625,4543.00927734375,player,1,0.9118762016296387
63,19,424.5,402.0,6079.86962890625,1910.535400390625,player,1,0.9055878520011902
63,20,1097.0,428.0,9092.685546875,3186.3681640625,player,0,0.8955033421516418
63,22,1351.5,636.0,8820.1015625,6068.76318359375,player,1,0.9350839257240295
63,23,1305.5,595.0,8872.18359375,5666.73974609375,player,0,0.9243181943893433
63,18,1552.0,434.0,11164.1943359375,3799.094482421875,goalkeeper,0,0.9236759543418884
63,10,1671.5,747.0,9220.8681640625,7071.22998046875,referee,-1,0.9278954267501831
63,17,849.0,478.0,7744.93408203125,3807.37451171875,referee,-1,0.9048976898193359
63,21,360.0,338.0,5741.25537109375,50.18299865722656,referee,-1,0.8481181859970093
64,-1,686.5,657.5,6769.47802734375,5739.31201171875,ball,-1,0.8629748821258545
64,0,451.0,701.0,6095.26513671875,5911.43212890625,player,0,0.902812123298645
64,1,428.0,695.0,6035.01953125,5849.8173828125,player,1,0.8760535717010498
64,2,809.0,718.0,7022.8955078125,6285.0283203125,player,1,0.925565779209137
64,3,379.5,509.0,5873.78759765625,3854.331787109375,player,1,0.9188777804374695
64,4,1118.0,619.0,8147.45849609375,5743.396484375,player,0,0.9242603182792664
64,5,949.0,534.0,7892.7021484375,4701.404296875,player,0,0.9128414988517761
64,6,998.5,555.0,7989.8369140625,4995.36279296875,player,1,0.9028983116149902
64,7,747.5,628.0,6989.7294921875,5529.7333984375,player,0,0.9221711158752441
64,8,1297.0,526.0,9215.771484375,4921.73583984375,player,0,0.915486752986908
64,9,693.0,485.0,7080.1884765625,3783.074462890625,player,0,0.913597047328949
64,11,510.0,383.0,6472.017578125,1555.1881103515625,player,0,0.8910599946975708
64,12,1013.5,635.0,7774.6767578125,5800.443359375,player,1,0.9325559139251709
64,13,1336.0,472.0,9772.6728515625,4213.99462890625,player,1,0.8703088760375977
64,14,976.0,774.0,7353.60693359375,6750.68310546875,player,0,0.9368907809257507
64,15,600.5,635.0,6543.9453125,5479.11767578125,player,1,0.9098117351531982
64,16,692.0,542.0,6958.962890625,4572.517578125,player,1,0.916845977306366
64,19,425.5,404.0,6054.0517578125,1977.2662353515625,player,1,0.9136648178100586
64,20,1098.5,429.0,9067.6640625,3220.609619140625,player,0,0.9100833535194397
64,22,1352.0,637.0,8797.7158203125,6086.40966796875,player,1,0.9232866168022156
64,23,1304.5,594.0,8853.837890625,5666.69677734375,player,0,0.9327237010002136
64,18,1554.0,435.0,11141.4384765625,3828.81787109375,goalkeeper,0,0.9224638938903809
64,10,1671.5,747.0,9202.921875,7075.6669921875,referee,-1,0.9227979183197021
64,17,850.0,478.0,7724.94677734375,3824.0322265625,referee,-1,0.9204082489013672
64,21,364.0,338.0,5725.6396484375,70.51195526123047,referee,-1,0.8510813117027283
65,-1,675.5,659.5,6719.21728515625,5748.51953125,ball,-1,0.8249983787536621
65,0,459.5,701.0,6101.7099609375,5920.20166015625,player,0,0.8817816972732544
65,1,437.0,695.0,6042.5849609375,5859.28369140625,player,1,0.814110517501831
65,2,808.5,725.0,6998.10302734375,6331.02685546875,player,1,0.922635555267334
65,3,382.5,510.0,5856.89501953125,3876.393798828125,player,1,0.9116509556770325
65,4,1121.5,619.0,8143.07421875,5742.03271484375,player,0,0.9305194616317749
65,5,948.5,534.0,7870.2958984375,4698.4423828125,player,0,0.9031049013137817
65,6,1000.5,554.0,7981.47509765625,4982.6943359375,player,1,0.9039334058761597
65,7,750.5,628.0,6981.228515625,5532.2783203125,player,0,0.9141117334365845
65,8,1300.0,526.0,9209.724609375,4917.056640625,player,0,0.909584641456604
65,9,695.0,485.0,7061.474609375,3785.2490234375,player,0,0.9159759879112244
65,11,509.0,384.0,6425.94921875,1578.54052734375,player,0,0.8483538031578064
65,12,1012.5,636.0,7753.35107421875,5805.35693359375,player,1,0.9317185878753662
65,13,1336.0,472.0,9753.6611328125,4204.32373046875,player,1,0.8779779672622681
65,14,978.0,775.0,7345.72216796875,6754.53125,player,0,0.9296703338623047
65,15,600.0,638.0,6521.80419921875,5507.53173828125,player,1,0.932144820690155
65,16,694.5,541.0,6946.8828125,4563.25390625,player,1,0.9157552123069763
65,19,427.0,404.0,6022.31640625,1980.3763427734375,player,1,0.9136664271354675
65,20,1101.0,429.0,9054.5078125,3215.207763671875,player,0,0.9029335975646973
65,22,1354.0,638.0,8786.2099609375,6089.26318359375,player,1,0.9000113606452942
65,23,1305.5,595.0,8837.31640625,5670.48291015625,player,0,0.9347867369651794
65,18,1556.0,434.0,11147.0791015625,3797.65185546875,goalkeeper,0,0.8835009336471558
65,10,1672.0,748.0,9191.2060546875,7071.37646484375,referee,-1,0.923535943031311
65,17,851.0,481.0,7692.78564453125,3870.009521484375,referee,-1,0.9177827835083008
65,21,368.0,337.0,5696.0263671875,37.69301223754883,referee,-1,0.8474903702735901
66,-1,663.5,661.5,6675.8466796875,5751.90087890625,ball,-1,0.7828742265701294
66,0,465.5,700.0,6110.60986328125,5913.22705078125,player,0,0.8713582158088684
66,1,446.5,695.0,6060.6259765625,5862.31494140625,player,1,0.8030610084533691
66,2,808.0,730.0,6984.0908203125,6359.13427734375,player,1,0.9263646602630615
66,3,385.0,512.0,5855.123046875,3903.945068359375,player,1,0.9045946002006531
66,4,1124.5,620.0,8141.9140625,5747.4326171875,player,0,0.921352744102478
66,5,947.0,534.0,7855.875,4692.04345703125,player,0,0.9084001779556274
66,6,1002.5,557.0,7968.953125,5013.2470703125,player,1,0.913290798664093
66,7,754.5,628.0,6985.85791015625,5530.7998046875,player,0,0.9177832007408142
66,8,1302.0,526.0,9208.134765625,4912.47802734375,player,0,0.8937056660652161
66,9,698.0,486.0,7060.103515625,3799.4443359375,player,0,0.9084910750389099
66,11,510.0,385.0,6414.07421875,1601.5418701171875,player,0,0.8268163800239563
66,12,1011.5,637.0,7740.736328125,5807.63330078125,player,1,0.9234479069709778
66,13,1337.0,473.0,9738.4697265625,4214.5576171875,player,1,0.8937845826148987
66,14,977.0,777.0,7334.87109375,6759.83154296875,player,0,0.9185508489608765
66,15,596.5,640.0,6502.2578125,5518.64990234375,player,1,0.9271373748779297
66,16,697.0,541.0,6946.25830078125,4561.1611328125,player,1,0.9071841835975647
66,19,429.0,405.0,6016.36865234375,2002.0091552734375,player,1,0.8999118208885193
66,20,1104.5,429.0,9058.3740234375,3213.92578125,player,0,0.9026867151260376
66,22,1351.5,638.0,8771.98828125,6080.3798828125,player,1,0.9044468402862549
66,23,1306.5,596.0,8828.2431640625,5674.166015625,player,0,0.9105059504508972
66,18,1558.0,434.0,11142.88671875,3793.1015625,goalkeeper,0,0.9088732004165649
66,10,1673.0,748.0,9188.951171875,7063.75927734375,referee,-1,0.9270321130752563
66,17,852.5,481.0,7688.169921875,3866.871337890625,referee,-1,0.9244811534881592
66,21,372.0,337.0,5698.78564453125,38.25825119018555,referee,-1,0.8514131903648376
67,-1,652.5,661.5,6637.90673828125,5746.27978515625,ball,-1,0.7669942378997803
67,0,470.0,700.0,6116.73583984375,5919.859375,player,0,0.8522239923477173
67,1,452.5,697.0,6070.52685546875,5885.34130859375,player,1,0.6739392280578613
67,2,802.5,732.0,6962.44189453125,6369.1845703125,player,1,0.8951808214187622
67,3,389.0,512.0,5856.26513671875,3913.0107421875,player,1,0.904579758644104
67,4,1127.0,619.0,8145.3017578125,5739.0830078125,player,0,0.9235137701034546
67,5,947.5,534.0,7846.6279296875,4693.16650390625,player,0,0.9066956043243408
67,6,1004.5,557.0,7965.77783203125,5015.02685546875,player,1,0.9171720743179321
67,7,758.5,635.0,6979.26171875,5598.33984375,player,0,0.917681097984314
67,8,1303.5,527.0,9195.6328125,4923.41796875,player,0,0.8908978700637817
67,9,700.5,486.0,7056.2373046875,3804.74365234375,player,0,0.9181498289108276
67,11,511.0,385.0,6397.29296875,1605.715087890625,player,0,0.8573492765426636
67,12,1007.5,637.0,7721.31201171875,5804.1337890625,player,1,0.8976657390594482
67,13,1338.0,474.0,9720.025390625,4227.7822265625,player,1,0.9139096736907959
67,14,971.0,778.0,7314.7236328125,6760.50244140625,player,0,0.9088943600654602
67,15,597.5,637.0,6500.03955078125,5495.7548828125,player,1,0.9261906743049622
67,16,698.5,541.0,6940.50634765625,4565.33935546875,player,1,0.9050658345222473
67,19,430.5,405.0,6002.787109375,2007.8319091796875,player,1,0.8921864032745361
67,20,1108.0,429.0,9058.2392578125,3216.506103515625,player,0,0.89988774061203
67,22,1350.0,638.0,8759.5498046875,6075.6201171875,player,1,0.9172292351722717
67,23,1307.0,597.0,8815.865234375,5681.05419921875,player,0,0.9054211974143982
67,18,1562.0,434.0,11144.5009765625,3791.592529296875,goalkeeper,0,0.9017520546913147
67,10,1674.0,749.0,9181.3876953125,7063.03076171875,referee,-1,0.9336211085319519
67,17,853.0,483.0,7669.38916015625,3900.04296875,referee,-1,0.9092424511909485
67,21,376.5,337.0,5695.4765625,44.70684051513672,referee,-1,0.8609440922737122
68,-1,642.5,662.0,6597.30029296875,5737.109375,ball,-1,0.7811630964279175
68,0,476.5,699.0,6122.2021484375,5912.89453125,player,0,0.855284571647644
68,1,457.0,696.0,6070.51513671875,5877.12158203125,player,1,0.6854915022850037
68,2,802.0,735.0,6947.89599609375,6381.85546875,player,1,0.9209698438644409
68,3,391.0,512.0,5847.619140625,3914.71875,player,1,0.9102727770805359
68,4,1129.0,619.0,8142.447265625,5728.0595703125,player,0,0.9151016473770142
68,5,949.0,533.0,7841.6806640625,4670.89501953125,player,0,0.9107472896575928
68,6,1006.5,558.0,7956.63720703125,5016.04345703125,player,1,0.9197053909301758
68,7,761.0,640.0,6967.40576171875,5636.4111328125,player,0,0.9263105392456055
68,8,1304.5,527.0,9188.3798828125,4906.93310546875,player,0,0.896693229675293
68,9,703.0,486.0,7048.8671875,3801.690185546875,player,0,0.9155295491218567
68,11,511.5,384.0,6378.7294921875,1591.90576171875,player,0,0.865510106086731
68,12,1006.0,637.0,7707.03515625,5792.30224609375,player,1,0.924173891544342
68,13,1337.5,473.0,9711.9765625,4192.92822265625,player,1,0.9380857944488525
68,14,969.0,778.0,7302.59912109375,6752.14501953125,player,0,0.9319384098052979
68,15,601.0,639.0,6496.3154296875,5510.4716796875,player,1,0.9253108501434326
68,16,700.0,541.0,6930.93408203125,4559.8017578125,player,1,0.9050568342208862
68,19,430.0,405.0,5980.63525390625,2017.28369140625,player,1,0.870987057685852
68,20,1110.5,428.0,9057.0068359375,3186.8701171875,player,0,0.9062864184379578
68,22,1350.0,639.0,8749.0537109375,6069.16796875,player,1,0.9154728651046753
68,23,1307.0,597.0,8808.0029296875,5665.5751953125,player,0,0.9014505743980408
68,18,1565.0,434.0,11143.9033203125,3769.974365234375,goalkeeper,0,0.8912075757980347
68,10,1675.5,749.0,9185.974609375,7050.74169921875,referee,-1,0.9346553087234497
68,17,853.0,481.0,7659.357421875,3860.486572265625,referee,-1,0.8922125101089478
68,21,380.0,336.0,5691.87109375,45.67229080200195,referee,-1,0.8687657117843628
69,-1,631.5,663.5,6553.400390625,5745.62060546875,ball,-1,0.8472280502319336
69,0,481.0,696.0,6126.42626953125,5896.40234375,player,0,0.8569217920303345
69,2,799.0,735.0,6928.837890625,6384.9228515625,player,1,0.9153182506561279
69,3,394.0,512.0,5844.09130859375,3917.32763671875,player,1,0.9027954339981079
69,4,1130.5,620.0,8124.17236328125,5745.72802734375,player,0,0.9171741604804993
69,5,951.5,535.0,7822.6103515625,4703.0009765625,player,0,0.9103235602378845
69,6,1008.5,559.0,7939.39013671875,5034.99853515625,player,1,0.9164085984230042
69,7,761.0,644.0,6947.5283203125,5675.88427734375,player,0,0.9315742254257202
69,8,1307.0,527.0,9172.5380859375,4917.2958984375,player,0,0.8928709030151367
69,9,706.0,486.0,7040.06494140625,3805.876953125,player,0,0.9185215830802917
69,11,512.0,382.0,6357.169921875,1532.645263671875,player,0,0.8738625049591064
69,12,1003.5,637.0,7682.2431640625,5797.033203125,player,1,0.9263039827346802
69,13,1337.0,473.0,9681.8642578125,4199.1923828125,player,1,0.9116322994232178
69,14,968.0,783.0,7279.7236328125,6785.7138671875,player,0,0.9304099678993225
69,15,601.0,645.0,6480.19091796875,5567.013671875,player,1,0.9207934737205505
69,16,702.5,541.0,6922.21728515625,4565.09814453125,player,1,0.9232287406921387
69,19,432.0,404.0,5967.1025390625,1989.7728271484375,player,1,0.8740480542182922
69,20,1112.5,428.0,9037.712890625,3190.6015625,player,0,0.9061601161956787
69,22,1350.5,638.0,8733.880859375,6070.716796875,player,1,0.9091684222221375
69,23,1305.5,597.0,8780.7568359375,5673.30029296875,player,0,0.9008330702781677
69,18,1567.0,435.0,11110.2734375,3797.3447265625,goalkeeper,0,0.8894577622413635
69,10,1678.0,751.0,9163.0078125,7074.7587890625,referee,-1,0.9293914437294006
69,17,852.5,481.0,7634.56103515625,3862.532470703125,referee,-1,0.8904309272766113
69,21,384.5,336.0,5687.419921875,32.85944747924805,referee,-1,0.8712858557701111
70,-1,622.0,663.5,6518.2109375,5740.0029296875,ball,-1,0.834109365940094
70,0,487.0,693.0,6135.36572265625,5880.10986328125,player,0,0.7948694825172424
70,1,471.5,691.0,6094.20947265625,5854.228515625,player,1,0.600896418094635
70,2,797.5,735.0,6916.197265625,6385.3623046875,player,1,0.9273742437362671
70,3,397.0,512.0,5846.634765625,3919.0498046875,player,1,0.9038041830062866
70,4,1133.0,620.0,8120.74267578125,5744.92919921875,player,0,0.9142807126045227
70,5,952.0,535.0,7813.11181640625,4699.06396484375,player,0,0.9132326245307922
70,6,1010.0,559.0,7933.26806640625,5032.36376953125,player,1,0.9040266871452332
70,7,763.5,643.0,6947.02734375,5669.0947265625,player,0,0.9265478253364563
70,8,1309.0,527.0,9167.189453125,4911.70361328125,player,0,0.8909136652946472
70,9,708.5,486.0,7039.25390625,3803.707275390625,player,0,0.9234842658042908
70,11,514.0,383.0,6355.21875,1552.1060791015625,player,0,0.8927662968635559
70,12,1003.5,637.0,7671.732421875,5795.49462890625,player,1,0.9252985715866089
70,13,1337.0,474.0,9660.1025390625,4204.01513671875,player,1,0.8965075612068176
70,14,969.0,785.0,7269.63134765625,6798.93212890625,player,0,0.9292361736297607
70,15,598.0,649.0,6460.357421875,5600.564453125,player,1,0.9252684712409973
70,16,705.0,541.0,6921.03173828125,4564.88671875,player,1,0.9103150963783264
70,19,433.5,405.0,5964.24755859375,2008.4541015625,player,1,0.8893247246742249
70,20,1114.0,429.0,9023.8642578125,3199.8984375,player,0,0.8953506946563721
70,22,1351.5,640.0,8716.1728515625,6084.40283203125,player,1,0.9236699342727661
70,23,1305.5,597.0,8768.603515625,5668.78369140625,player,0,0.9146113991737366
70,18,1569.0,435.0,11105.5078125,3783.585205078125,goalkeeper,0,0.9033567905426025
70,10,1680.0,751.0,9156.1484375,7073.79736328125,referee,-1,0.9375548362731934
70,17,852.0,480.0,7624.552734375,3840.4228515625,referee,-1,0.8666056990623474
70,21,388.5,336.0,5698.72802734375,26.392229080200195,referee,-1,0.8697241544723511
71,-1,614.0,664.0,6491.54443359375,5732.8798828125,ball,-1,0.8183449506759644
71,0,491.0,690.0,6142.9072265625,5855.248046875,player,0,0.8578442335128784
71,2,796.5,733.0,6913.7431640625,6365.94140625,player,1,0.9355254769325256
71,3,401.0,512.0,5853.8447265625,3917.245849609375,player,1,0.9012233018875122
71,4,1134.5,621.0,8117.7607421875,5745.69091796875,player,0,0.9102621078491211
71,5,953.5,534.0,7815.19189453125,4678.65869140625,player,0,0.9291853308677673
71,6,1010.5,559.0,7929.0009765625,5023.3818359375,player,1,0.8918692469596863
71,7,767.0,643.0,6953.32568359375,5664.94384765625,player,0,0.929357647895813
71,8,1312.0,527.0,9170.8154296875,4902.24755859375,player,0,0.8978092670440674
71,9,711.5,486.0,7042.68896484375,3798.931884765625,player,0,0.915189802646637
71,11,516.5,384.0,6354.384765625,1577.2161865234375,player,0,0.8913917541503906
71,12,1004.5,638.0,7668.259765625,5796.5849609375,player,1,0.9317092895507812
71,13,1337.0,474.0,9649.2880859375,4191.1279296875,player,1,0.8577525615692139
71,14,966.5,788.0,7257.5205078125,6808.44921875,player,0,0.9296383857727051
71,15,593.5,649.0,6443.3203125,5591.69677734375,player,1,0.910552442073822
71,16,708.0,542.0,6923.36572265625,4572.4345703125,player,1,0.9145832657814026
71,19,436.0,404.0,5964.75048828125,1984.33154296875,player,1,0.8726534247398376
71,20,1116.0,429.0,9020.232421875,3191.322509765625,player,0,0.8881442546844482
71,22,1351.5,641.0,8708.26171875,6082.16455078125,player,1,0.9367899298667908
71,23,1306.5,596.0,8771.8505859375,5649.099609375,player,0,0.9154382944107056
71,18,1570.5,435.0,11097.041015625,3769.839111328125,goalkeeper,0,0.9080437421798706
71,10,1682.5,752.0,9157.6748046875,7071.03564453125,referee,-1,0.932380735874176
71,17,852.0,480.0,7615.7236328125,3831.812255859375,referee,-1,0.8957681655883789
71,21,392.0,335.0,5703.20751953125,-1.7525715827941895,referee,-1,0.8774564862251282
72,-1,605.5,664.5,6449.89990234375,5735.447265625,ball,-1,0.8193324208259583
72,0,501.5,681.0,6155.88232421875,5796.71484375,player,0,0.8405353426933289
72,1,487.5,677.0,6118.306640625,5755.37939453125,player,1,0.7219232320785522
72,2,796.0,734.0,6894.77734375,6374.2587890625,player,1,0.9418070912361145
72,3,403.0,512.0,5838.61865234375,3925.405517578125,player,1,0.9069027304649353
72,4,1138.0,623.0,8102.27880859375,5768.5791015625,player,0,0.9130865931510925
72,5,954.5,534.0,7798.23974609375,4684.0849609375,player,0,0.9272670745849609
72,6,1010.0,559.0,7907.130859375,5027.048828125,player,1,0.8838792443275452
72,7,771.5,644.0,6946.98974609375,5680.8251953125,player,0,0.9223626852035522
72,8,1313.5,527.0,9154.9365234375,4906.49609375,player,0,0.925849437713623
72,9,713.5,486.0,7028.423828125,3806.07080078125,player,0,0.9260085821151733
72,11,517.0,384.0,6328.45849609375,1577.8880615234375,player,0,0.8889720439910889
72,12,1005.0,640.0,7645.8203125,5816.861328125,player,1,0.9293896555900574
72,13,1337.5,474.0,9629.263671875,4194.6923828125,player,1,0.8609599471092224
72,14,963.5,791.0,7229.45263671875,6823.16064453125,player,0,0.9227213859558105
72,15,592.0,650.0,6420.6357421875,5604.00830078125,player,1,0.8670724630355835
72,16,711.5,544.0,6911.79296875,4605.52734375,player,1,0.9189565181732178
72,17,854.0,481.0,7598.47998046875,3854.227294921875,player,0,0.6520586609840393
72,19,438.0,404.0,5945.8720703125,1988.324951171875,player,1,0.8686925768852234
72,20,1116.0,428.0,9005.3671875,3174.855224609375,player,0,0.8910350203514099
72,22,1351.0,641.0,8686.6416015625,6082.51806640625,player,1,0.9394367337226868
72,23,1308.0,596.0,8756.248046875,5652.19189453125,player,0,0.9183962345123291
72,18,1573.0,435.0,11085.8134765625,3774.284912109375,goalkeeper,0,0.9172783493995667
72,10,1685.5,753.0,9140.5654296875,7074.73876953125,referee,-1,0.9436458945274353
72,21,395.5,335.0,5687.71484375,-6.65057897567749,referee,-1,0.8851547241210938
